target_lambda2,target_region,run_index,seed,num_parameters,preliminary_loss,preliminary_optimizer_success,preliminary_status,preliminary_message,preliminary_nit,preliminary_nfev,preliminary_njev,refined,refinement_loss,refinement_optimizer_success,refinement_status,refinement_message,refinement_nit,refinement_nfev,refinement_njev,final_total_loss,scientific_success,total_nit,total_nfev,total_njev,final_gradient_inf_norm,wall_time_s
0.66666666666666663,lower_boundary,0,2026072200,274,0.11111146390011106,True,0,CONVERGENCE: RELATIVE REDUCTION OF F <= FACTR*EPSMCH,178,196,196,False,,,,,0,0,0,0.11111146390011106,False,178,196,196,0.00012512223497867329,0.529007542
0.66666666666666663,lower_boundary,1,2026072201,274,2.9000355298044577e-07,True,0,CONVERGENCE: RELATIVE REDUCTION OF F <= FACTR*EPSMCH,90,92,92,True,2.856258726230241e-15,True,0,CONVERGENCE: RELATIVE REDUCTION OF F <= FACTR*EPSMCH,3285,3383,3383,2.856258726230241e-15,True,3375,3475,3475,4.6049273652885789e-12,7.81793379
0.66666666666666663,lower_boundary,2,2026072202,274,6.8898047089867928e-07,True,0,CONVERGENCE: RELATIVE REDUCTION OF F <= FACTR*EPSMCH,164,173,173,True,3.7923597717910503e-15,True,0,CONVERGENCE: RELATIVE REDUCTION OF F <= FACTR*EPSMCH,1351,1394,1394,3.7923597717910503e-15,True,1515,1567,1567,3.9126489147269718e-12,4.30619404
0.66666666666666663,lower_boundary,3,2026072203,274,0.1111111632331007,True,0,CONVERGENCE: RELATIVE REDUCTION OF F <= FACTR*EPSMCH,112,117,117,False,,,,,0,0,0,0.1111111632331007,False,112,117,117,1.0617302629881207e-05,0.274763334
0.66666666666666663,lower_boundary,4,2026072204,274,0.11111145190768405,True,0,CONVERGENCE: RELATIVE REDUCTION OF F <= FACTR*EPSMCH,235,258,258,False,,,,,0,0,0,0.11111145190768405,False,235,258,258,4.7799766598809261e-05,0.584371542
0.66666666666666663,lower_boundary,5,2026072205,274,0.11111188292432644,True,0,CONVERGENCE: RELATIVE REDUCTION OF F <= FACTR*EPSMCH,181,202,202,False,,,,,0,0,0,0.11111188292432644,False,181,202,202,3.9086282341549525e-05,0.82487625
0.66666666666666663,lower_boundary,6,2026072206,274,2.8172894584791016e-07,True,0,CONVERGENCE: RELATIVE REDUCTION OF F <= FACTR*EPSMCH,153,159,159,True,9.521835698913883e-15,True,0,CONVERGENCE: RELATIVE REDUCTION OF F <= FACTR*EPSMCH,5086,5239,5239,9.521835698913883e-15,True,5239,5398,5398,2.4731944292684689e-11,13.779633
0.66666666666666663,lower_boundary,7,2026072207,274,0.11111122161846464,True,0,CONVERGENCE: RELATIVE REDUCTION OF F <= FACTR*EPSMCH,97,100,100,False,,,,,0,0,0,0.11111122161846464,False,97,100,100,2.6206190536477681e-05,0.288112542
0.66666666666666663,lower_boundary,8,2026072208,274,0.11111157601174231,True,0,CONVERGENCE: RELATIVE REDUCTION OF F <= FACTR*EPSMCH,194,212,212,False,,,,,0,0,0,0.11111157601174231,False,194,212,212,5.1421410668988949e-05,0.597885042
0.66666666666666663,lower_boundary,9,2026072209,274,0.11111116634063913,True,0,CONVERGENCE: RELATIVE REDUCTION OF F <= FACTR*EPSMCH,111,115,115,False,,,,,0,0,0,0.11111116634063913,False,111,115,115,4.2562382887457312e-06,0.500665333
0.66666666666666663,lower_boundary,10,2026072210,274,9.8324026798418433e-08,True,0,CONVERGENCE: RELATIVE REDUCTION OF F <= FACTR*EPSMCH,147,150,150,True,1.0641708830312877e-14,True,0,CONVERGENCE: RELATIVE REDUCTION OF F <= FACTR*EPSMCH,3824,3940,3940,1.0641708830312877e-14,True,3971,4090,4090,3.4765806705989808e-12,10.7924672
0.66666666666666663,lower_boundary,11,2026072211,274,1.1869524212481796e-07,True,0,CONVERGENCE: RELATIVE REDUCTION OF F <= FACTR*EPSMCH,125,128,128,True,2.0062381230130388e-16,True,0,CONVERGENCE: RELATIVE REDUCTION OF F <= FACTR*EPSMCH,5184,5324,5324,2.0062381230130388e-16,True,5309,5452,5452,2.489375039889904e-11,13.5539624
0.66666666666666663,lower_boundary,12,2026072212,274,0.088500191116024335,True,0,CONVERGENCE: RELATIVE REDUCTION OF F <= FACTR*EPSMCH,96,99,99,False,,,,,0,0,0,0.088500191116024335,False,96,99,99,0.00012976537761368728,0.271655834
0.66666666666666663,lower_boundary,13,2026072213,274,0.28042545297203714,True,0,CONVERGENCE: RELATIVE REDUCTION OF F <= FACTR*EPSMCH,199,207,207,False,,,,,0,0,0,0.28042545297203714,False,199,207,207,2.5188337593127705e-05,0.4967565
0.66666666666666663,lower_boundary,14,2026072214,274,0.088500143527036917,True,0,CONVERGENCE: RELATIVE REDUCTION OF F <= FACTR*EPSMCH,86,91,91,False,,,,,0,0,0,0.088500143527036917,False,86,91,91,8.3064882224134773e-06,0.217289125
0.66666666666666663,lower_boundary,15,2026072215,274,0.10976043946902213,True,0,CONVERGENCE: RELATIVE REDUCTION OF F <= FACTR*EPSMCH,187,205,205,False,,,,,0,0,0,0.10976043946902213,False,187,205,205,3.7838077574639094e-05,0.8032345
0.66666666666666663,lower_boundary,16,2026072216,274,0.18708434899438203,True,0,CONVERGENCE: RELATIVE REDUCTION OF F <= FACTR*EPSMCH,99,107,107,False,,,,,0,0,0,0.18708434899438203,False,99,107,107,3.1228157278039015e-05,0.361083792
0.66666666666666663,lower_boundary,17,2026072217,274,3.7600502723793616e-07,True,0,CONVERGENCE: RELATIVE REDUCTION OF F <= FACTR*EPSMCH,142,145,145,True,5.3331070128469763e-15,True,0,CONVERGENCE: RELATIVE REDUCTION OF F <= FACTR*EPSMCH,4471,4615,4615,5.3331070128469763e-15,True,4613,4760,4760,5.1414374877272123e-12,12.565362
0.66666666666666663,lower_boundary,19,2026072219,274,0.11111228093186507,True,0,CONVERGENCE: RELATIVE REDUCTION OF F <= FACTR*EPSMCH,177,195,195,False,,,,,0,0,0,0.11111228093186507,False,177,195,195,0.00016306552334237356,0.647185
0.66666666666666663,lower_boundary,21,2026072221,274,0.11111149127590715,True,0,CONVERGENCE: RELATIVE REDUCTION OF F <= FACTR*EPSMCH,238,265,265,False,,,,,0,0,0,0.11111149127590715,False,238,265,265,3.5701288507907712e-05,0.837438167
0.66666666666666663,lower_boundary,22,2026072222,274,0.31269005575939168,True,0,CONVERGENCE: RELATIVE REDUCTION OF F <= FACTR*EPSMCH,287,301,301,False,,,,,0,0,0,0.31269005575939168,False,287,301,301,0.00013985331224226818,0.980484042
0.66666666666666663,lower_boundary,20,2026072220,274,2.2217386343591753e-07,True,0,CONVERGENCE: RELATIVE REDUCTION OF F <= FACTR*EPSMCH,81,84,84,True,1.5036984029999233e-14,True,0,CONVERGENCE: RELATIVE REDUCTION OF F <= FACTR*EPSMCH,2717,2806,2806,1.5036984029999233e-14,True,2798,2890,2890,6.005119597940838e-12,8.58162108
0.66666666666666663,lower_boundary,25,2026072225,274,0.097525012677897469,True,0,CONVERGENCE: RELATIVE REDUCTION OF F <= FACTR*EPSMCH,116,122,122,False,,,,,0,0,0,0.097525012677897469,False,116,122,122,3.5131677795244287e-05,0.317151833
0.66666666666666663,lower_boundary,26,2026072226,274,0.097525006554149113,True,0,CONVERGENCE: RELATIVE REDUCTION OF F <= FACTR*EPSMCH,110,116,116,False,,,,,0,0,0,0.097525006554149113,False,110,116,116,1.6073454302712921e-05,0.331324208
0.66666666666666663,lower_boundary,27,2026072227,274,0.26017199713683697,True,0,CONVERGENCE: RELATIVE REDUCTION OF F <= FACTR*EPSMCH,107,112,112,False,,,,,0,0,0,0.26017199713683697,False,107,112,112,0.00013186292019923274,0.350382334
0.66666666666666663,lower_boundary,23,2026072223,274,1.0267012400037357e-07,True,0,CONVERGENCE: RELATIVE REDUCTION OF F <= FACTR*EPSMCH,119,122,122,True,1.2080636935040835e-14,True,0,CONVERGENCE: RELATIVE REDUCTION OF F <= FACTR*EPSMCH,2895,2978,2978,1.2080636935040835e-14,True,3014,3100,3100,4.5778274236395134e-11,9.35438921
0.66666666666666663,lower_boundary,29,2026072229,274,0.18708433412183673,True,0,CONVERGENCE: RELATIVE REDUCTION OF F <= FACTR*EPSMCH,101,105,105,False,,,,,0,0,0,0.18708433412183673,False,101,105,105,2.6916606676537225e-05,0.964858875
0.66666666666666663,lower_boundary,18,2026072218,274,1.0963479018602443e-07,True,0,CONVERGENCE: RELATIVE REDUCTION OF F <= FACTR*EPSMCH,118,122,122,True,4.1453162835314825e-15,True,0,CONVERGENCE: RELATIVE REDUCTION OF F <= FACTR*EPSMCH,3631,3726,3726,4.1453162835314825e-15,True,3749,3848,3848,4.3402773454409438e-12,15.1560022
0.66666666666666663,lower_boundary,28,2026072228,274,4.9243266003069873e-07,True,0,CONVERGENCE: RELATIVE REDUCTION OF F <= FACTR*EPSMCH,163,171,171,True,3.4502252242090282e-15,True,0,CONVERGENCE: RELATIVE REDUCTION OF F <= FACTR*EPSMCH,1345,1382,1382,3.4502252242090282e-15,True,1508,1553,1553,8.5068514630125671e-12,7.63851958
0.66666666666666663,lower_boundary,24,2026072224,274,3.6380001895189422e-07,True,0,CONVERGENCE: RELATIVE REDUCTION OF F <= FACTR*EPSMCH,124,131,131,True,3.7162908589989979e-16,True,0,CONVERGENCE: RELATIVE REDUCTION OF F <= FACTR*EPSMCH,4058,4182,4182,3.7162908589989979e-16,True,4182,4313,4313,4.0042979275478433e-12,17.800153
0.66666666666666663,lower_boundary,32,2026072232,274,1.9582354138834999e-07,True,0,CONVERGENCE: RELATIVE REDUCTION OF F <= FACTR*EPSMCH,115,118,118,True,1.582401980543365e-14,True,0,CONVERGENCE: RELATIVE REDUCTION OF F <= FACTR*EPSMCH,1540,1585,1585,1.582401980543365e-14,True,1655,1703,1703,2.5038663519205149e-11,6.78436929
0.66666666666666663,lower_boundary,34,2026072234,274,0.11111128543985617,True,0,CONVERGENCE: RELATIVE REDUCTION OF F <= FACTR*EPSMCH,136,149,149,False,,,,,0,0,0,0.11111128543985617,False,136,149,149,2.9675830433362317e-05,0.415871291
0.66666666666666663,lower_boundary,35,2026072235,274,0.18708433591993201,True,0,CONVERGENCE: RELATIVE REDUCTION OF F <= FACTR*EPSMCH,97,102,102,False,,,,,0,0,0,0.18708433591993201,False,97,102,102,1.3963582297840671e-05,0.286007375
0.66666666666666663,lower_boundary,33,2026072233,274,8.5730400563451847e-07,True,0,CONVERGENCE: RELATIVE REDUCTION OF F <= FACTR*EPSMCH,132,134,134,True,6.4620716011777794e-16,True,0,CONVERGENCE: RELATIVE REDUCTION OF F <= FACTR*EPSMCH,1223,1262,1262,6.4620716011777794e-16,True,1355,1396,1396,5.2881160839726745e-12,5.3554705
0.66666666666666663,lower_boundary,36,2026072236,274,0.17761311134549179,True,0,CONVERGENCE: RELATIVE REDUCTION OF F <= FACTR*EPSMCH,109,114,114,False,,,,,0,0,0,0.17761311134549179,False,109,114,114,6.1768593406381564e-05,0.331096875
0.66666666666666663,lower_boundary,30,2026072230,274,1.1267076464694299e-07,True,0,CONVERGENCE: RELATIVE REDUCTION OF F <= FACTR*EPSMCH,136,143,143,True,7.4283875022917589e-15,True,0,CONVERGENCE: RELATIVE REDUCTION OF F <= FACTR*EPSMCH,3414,3508,3508,7.4283875022917589e-15,True,3550,3651,3651,1.0557415847702525e-11,15.1666368
0.66666666666666663,lower_boundary,39,2026072239,274,0.11111288662342504,True,0,CONVERGENCE: RELATIVE REDUCTION OF F <= FACTR*EPSMCH,166,181,181,False,,,,,0,0,0,0.11111288662342504,False,166,181,181,3.7109568591823486e-05,1.10519988
0.66666666666666663,lower_boundary,31,2026072231,274,9.7085652945785059e-07,True,0,CONVERGENCE: RELATIVE REDUCTION OF F <= FACTR*EPSMCH,138,143,143,True,1.5795166136773227e-14,True,0,CONVERGENCE: RELATIVE REDUCTION OF F <= FACTR*EPSMCH,2621,2693,2693,1.5795166136773227e-14,True,2759,2836,2836,9.340679190900336e-12,13.347279
0.66666666666666663,lower_boundary,41,2026072241,274,0.11111122493285489,True,0,CONVERGENCE: RELATIVE REDUCTION OF F <= FACTR*EPSMCH,90,92,92,False,,,,,0,0,0,0.11111122493285489,False,90,92,92,4.8045048114944353e-06,0.640783958
0.66666666666666663,lower_boundary,42,2026072242,274,0.11111129463729479,True,0,CONVERGENCE: RELATIVE REDUCTION OF F <= FACTR*EPSMCH,166,187,187,False,,,,,0,0,0,0.11111129463729479,False,166,187,187,1.7694627814902181e-05,0.982842666
0.66666666666666663,lower_boundary,43,2026072243,274,0.1776127321329618,True,0,CONVERGENCE: RELATIVE REDUCTION OF F <= FACTR*EPSMCH,131,137,137,False,,,,,0,0,0,0.1776127321329618,False,131,137,137,2.340133975031744e-05,1.06319583
0.66666666666666663,lower_boundary,44,2026072244,274,0.11111139480142632,True,0,CONVERGENCE: RELATIVE REDUCTION OF F <= FACTR*EPSMCH,165,181,181,False,,,,,0,0,0,0.11111139480142632,False,165,181,181,0.00020000732977446133,0.772209625
0.66666666666666663,lower_boundary,45,2026072245,274,0.097525075727033561,True,0,CONVERGENCE: RELATIVE REDUCTION OF F <= FACTR*EPSMCH,99,106,106,False,,,,,0,0,0,0.097525075727033561,False,99,106,106,0.00016196398878643825,0.717628583
0.66666666666666663,lower_boundary,46,2026072246,274,0.11111115960664493,True,0,CONVERGENCE: RELATIVE REDUCTION OF F <= FACTR*EPSMCH,89,92,92,False,,,,,0,0,0,0.11111115960664493,False,89,92,92,7.5780986231767378e-06,0.617301542
0.66666666666666663,lower_boundary,47,2026072247,274,0.11111120436195848,True,0,CONVERGENCE: RELATIVE REDUCTION OF F <= FACTR*EPSMCH,135,148,148,False,,,,,0,0,0,0.11111120436195848,False,135,148,148,4.7968527829892436e-06,0.742764125
0.66666666666666663,lower_boundary,48,2026072248,274,0.088500152010374006,True,0,CONVERGENCE: RELATIVE REDUCTION OF F <= FACTR*EPSMCH,93,101,101,False,,,,,0,0,0,0.088500152010374006,False,93,101,101,6.4066497952888849e-05,0.727999875
0.66666666666666663,lower_boundary,49,2026072249,274,0.11111124319626871,True,0,CONVERGENCE: RELATIVE REDUCTION OF F <= FACTR*EPSMCH,130,141,141,False,,,,,0,0,0,0.11111124319626871,False,130,141,141,2.8620820492406981e-05,0.701738167
0.66666666666666663,lower_boundary,50,2026072250,274,0.11111205172442809,True,0,CONVERGENCE: RELATIVE REDUCTION OF F <= FACTR*EPSMCH,213,237,237,False,,,,,0,0,0,0.11111205172442809,False,213,237,237,3.3860086611663619e-05,1.31819154
0.66666666666666663,lower_boundary,51,2026072251,274,0.11111164977081348,True,0,CONVERGENCE: RELATIVE REDUCTION OF F <= FACTR*EPSMCH,155,176,176,False,,,,,0,0,0,0.11111164977081348,False,155,176,176,6.9283839143866814e-05,1.01864704
0.66666666666666663,lower_boundary,37,2026072237,274,6.6768360267844459e-07,True,0,CONVERGENCE: RELATIVE REDUCTION OF F <= FACTR*EPSMCH,145,148,148,True,8.1251435376850982e-15,True,0,CONVERGENCE: RELATIVE REDUCTION OF F <= FACTR*EPSMCH,2484,2569,2569,8.1251435376850982e-15,True,2629,2717,2717,3.2375143831686979e-11,15.8525811
0.66666666666666663,lower_boundary,38,2026072238,274,2.1946652452485278e-07,True,0,CONVERGENCE: RELATIVE REDUCTION OF F <= FACTR*EPSMCH,142,147,147,True,4.1279484051423293e-15,True,0,CONVERGENCE: RELATIVE REDUCTION OF F <= FACTR*EPSMCH,3509,3609,3609,4.1279484051423293e-15,True,3651,3756,3756,4.0205670043504219e-12,19.3231535
0.66666666666666663,lower_boundary,52,2026072252,274,1.1745529958885508e-07,True,0,CONVERGENCE: RELATIVE REDUCTION OF F <= FACTR*EPSMCH,108,113,113,True,2.8927590305580456e-16,True,0,CONVERGENCE: RELATIVE REDUCTION OF F <= FACTR*EPSMCH,3502,3597,3597,2.8927590305580456e-16,True,3610,3710,3710,2.920148106182677e-12,15.6208508
0.66666666666666663,lower_boundary,55,2026072255,274,0.097525014973026361,True,0,CONVERGENCE: RELATIVE REDUCTION OF F <= FACTR*EPSMCH,111,118,118,False,,,,,0,0,0,0.097525014973026361,False,111,118,118,6.8199182495665297e-05,0.506560583
0.66666666666666663,lower_boundary,56,2026072256,274,0.097525051570717336,True,0,CONVERGENCE: RELATIVE REDUCTION OF F <= FACTR*EPSMCH,100,107,107,False,,,,,0,0,0,0.097525051570717336,False,100,107,107,1.993811779458371e-05,0.436091708
0.66666666666666663,lower_boundary,57,2026072257,274,0.17761263979534336,True,0,CONVERGENCE: RELATIVE REDUCTION OF F <= FACTR*EPSMCH,100,105,105,False,,,,,0,0,0,0.17761263979534336,False,100,105,105,1.8384574535495329e-05,0.671621792
0.66666666666666663,lower_boundary,40,2026072240,274,5.6506918028333454e-07,True,0,CONVERGENCE: RELATIVE REDUCTION OF F <= FACTR*EPSMCH,123,127,127,True,5.75035778651465e-16,True,0,CONVERGENCE: RELATIVE REDUCTION OF F <= FACTR*EPSMCH,6261,6436,6436,5.75035778651465e-16,True,6384,6563,6563,4.290763638495002e-12,30.5499799
0.66666666666666663,lower_boundary,59,2026072259,274,0.26758440151826418,True,0,CONVERGENCE: RELATIVE REDUCTION OF F <= FACTR*EPSMCH,231,244,244,False,,,,,0,0,0,0.26758440151826418,False,231,244,244,0.00014547236987382884,0.963923708
0.66666666666666663,lower_boundary,60,2026072260,274,0.11111168160848413,True,0,CONVERGENCE: RELATIVE REDUCTION OF F <= FACTR*EPSMCH,178,194,194,False,,,,,0,0,0,0.11111168160848413,False,178,194,194,7.1550488422692351e-05,0.970525083
0.66666666666666663,lower_boundary,61,2026072261,274,0.11111125219991479,True,0,CONVERGENCE: RELATIVE REDUCTION OF F <= FACTR*EPSMCH,76,82,82,False,,,,,0,0,0,0.11111125219991479,False,76,82,82,5.4432686401074959e-06,0.311834917
0.66666666666666663,lower_boundary,62,2026072262,274,0.11111124712574839,True,0,CONVERGENCE: RELATIVE REDUCTION OF F <= FACTR*EPSMCH,127,140,140,False,,,,,0,0,0,0.11111124712574839,False,127,140,140,3.5839273224261711e-05,0.630484459
0.66666666666666663,lower_boundary,63,2026072263,274,0.088500159987114552,True,0,CONVERGENCE: RELATIVE REDUCTION OF F <= FACTR*EPSMCH,101,106,106,False,,,,,0,0,0,0.088500159987114552,False,101,106,106,1.9261747609328195e-05,0.759479958
0.66666666666666663,lower_boundary,53,2026072253,274,4.4706613194193848e-07,True,0,CONVERGENCE: RELATIVE REDUCTION OF F <= FACTR*EPSMCH,267,282,282,True,1.4023624373138927e-15,True,0,CONVERGENCE: RELATIVE REDUCTION OF F <= FACTR*EPSMCH,4874,5022,5022,1.4023624373138927e-15,True,5141,5304,5304,3.9517175019993434e-12,23.4686852
0.66666666666666663,lower_boundary,65,2026072265,274,0.097525039225991622,True,0,CONVERGENCE: RELATIVE REDUCTION OF F <= FACTR*EPSMCH,101,107,107,False,,,,,0,0,0,0.097525039225991622,False,101,107,107,8.1969488968360038e-05,0.537994333
0.66666666666666663,lower_boundary,66,2026072266,274,0.18708432399165045,True,0,CONVERGENCE: RELATIVE REDUCTION OF F <= FACTR*EPSMCH,94,99,99,False,,,,,0,0,0,0.18708432399165045,False,94,99,99,2.9075559190623692e-05,0.389714125
0.66666666666666663,lower_boundary,54,2026072254,274,7.4755447508326501e-07,True,0,CONVERGENCE: RELATIVE REDUCTION OF F <= FACTR*EPSMCH,148,152,152,True,4.942456434176793e-15,True,0,CONVERGENCE: RELATIVE REDUCTION OF F <= FACTR*EPSMCH,5075,5227,5227,4.942456434176793e-15,True,5223,5379,5379,3.1845726071757287e-12,21.4618851
0.66666666666666663,lower_boundary,67,2026072267,274,0.11111620297365737,True,0,CONVERGENCE: RELATIVE REDUCTION OF F <= FACTR*EPSMCH,211,232,232,False,,,,,0,0,0,0.11111620297365737,False,211,232,232,3.7998401063390856e-05,1.31366188
0.66666666666666663,lower_boundary,68,2026072268,274,0.18708433652990172,True,0,CONVERGENCE: RELATIVE REDUCTION OF F <= FACTR*EPSMCH,122,126,126,False,,,,,0,0,0,0.18708433652990172,False,122,126,126,2.2218459447345684e-05,0.562212333
0.66666666666666663,lower_boundary,70,2026072270,274,0.088500134517861206,True,0,CONVERGENCE: RELATIVE REDUCTION OF F <= FACTR*EPSMCH,118,125,125,False,,,,,0,0,0,0.088500134517861206,False,118,125,125,6.1092352847194609e-06,0.505969875
0.66666666666666663,lower_boundary,69,2026072269,274,0.11111213531962331,True,0,CONVERGENCE: RELATIVE REDUCTION OF F <= FACTR*EPSMCH,186,207,207,False,,,,,0,0,0,0.11111213531962331,False,186,207,207,0.0002043107916909375,0.998914292
0.66666666666666663,lower_boundary,71,2026072271,274,0.10976031290453683,True,0,CONVERGENCE: RELATIVE REDUCTION OF F <= FACTR*EPSMCH,165,179,179,False,,,,,0,0,0,0.10976031290453683,False,165,179,179,1.8858355648108255e-05,0.862399458
0.66666666666666663,lower_boundary,72,2026072272,274,0.18708433052097662,True,0,CONVERGENCE: RELATIVE REDUCTION OF F <= FACTR*EPSMCH,97,101,101,False,,,,,0,0,0,0.18708433052097662,False,97,101,101,2.1204588252499157e-05,0.441010875
0.66666666666666663,lower_boundary,58,2026072258,274,2.3551447961692079e-07,True,0,CONVERGENCE: RELATIVE REDUCTION OF F <= FACTR*EPSMCH,123,126,126,True,8.4734204058513744e-15,True,0,CONVERGENCE: RELATIVE REDUCTION OF F <= FACTR*EPSMCH,4346,4463,4463,8.4734204058513744e-15,True,4469,4589,4589,1.1921350645138955e-11,20.7356255
0.66666666666666663,lower_boundary,75,2026072275,274,0.11111486738053102,True,0,CONVERGENCE: RELATIVE REDUCTION OF F <= FACTR*EPSMCH,169,185,185,False,,,,,0,0,0,0.11111486738053102,False,169,185,185,0.00015198372069229123,0.798621
0.66666666666666663,lower_boundary,64,2026072264,274,1.7119186453160801e-06,True,0,CONVERGENCE: RELATIVE REDUCTION OF F <= FACTR*EPSMCH,101,106,106,True,8.0505789210647423e-15,True,0,CONVERGENCE: RELATIVE REDUCTION OF F <= FACTR*EPSMCH,3878,3990,3990,8.0505789210647423e-15,True,3979,4096,4096,7.3273226488775751e-12,17.279027
0.66666666666666663,lower_boundary,77,2026072277,274,0.11111232310017415,True,0,CONVERGENCE: RELATIVE REDUCTION OF F <= FACTR*EPSMCH,170,187,187,False,,,,,0,0,0,0.11111232310017415,False,170,187,187,0.00023015751147986105,0.748604583
0.66666666666666663,lower_boundary,78,2026072278,274,0.11111126885177182,True,0,CONVERGENCE: RELATIVE REDUCTION OF F <= FACTR*EPSMCH,101,111,111,False,,,,,0,0,0,0.11111126885177182,False,101,111,111,3.1162966533868902e-05,0.55140375
0.66666666666666663,lower_boundary,73,2026072273,274,1.0491242993143393e-07,True,0,CONVERGENCE: RELATIVE REDUCTION OF F <= FACTR*EPSMCH,117,119,119,True,5.8880478668960598e-15,True,0,CONVERGENCE: RELATIVE REDUCTION OF F <= FACTR*EPSMCH,3010,3103,3103,5.8880478668960598e-15,True,3127,3222,3222,6.2916217781382312e-12,13.1133149
0.66666666666666663,lower_boundary,79,2026072279,274,0.088500119202653812,True,0,CONVERGENCE: RELATIVE REDUCTION OF F <= FACTR*EPSMCH,76,81,81,False,,,,,0,0,0,0.088500119202653812,False,76,81,81,6.3051470523159907e-06,0.593362416
0.66666666666666663,lower_boundary,74,2026072274,274,2.676217941050979e-07,True,0,CONVERGENCE: RELATIVE REDUCTION OF F <= FACTR*EPSMCH,203,209,209,True,1.4035443858871605e-14,True,0,CONVERGENCE: RELATIVE REDUCTION OF F <= FACTR*EPSMCH,3521,3627,3627,1.4035443858871605e-14,True,3724,3836,3836,1.1258180547378581e-11,16.1144423
0.66666666666666663,lower_boundary,82,2026072282,274,0.08850012938682815,True,0,CONVERGENCE: RELATIVE REDUCTION OF F <= FACTR*EPSMCH,78,82,82,False,,,,,0,0,0,0.08850012938682815,False,78,82,82,9.8516589454676703e-06,0.393841417
0.66666666666666663,lower_boundary,83,2026072283,274,0.11111161612986196,True,0,CONVERGENCE: RELATIVE REDUCTION OF F <= FACTR*EPSMCH,170,192,192,False,,,,,0,0,0,0.11111161612986196,False,170,192,192,0.00021886987951393651,0.79835675
0.66666666666666663,lower_boundary,76,2026072276,274,6.980460609280772e-07,True,0,CONVERGENCE: RELATIVE REDUCTION OF F <= FACTR*EPSMCH,162,168,168,True,1.3831020776873929e-14,True,0,CONVERGENCE: RELATIVE REDUCTION OF F <= FACTR*EPSMCH,2354,2431,2431,1.3831020776873929e-14,True,2516,2599,2599,9.7575011182791234e-12,16.6789057
0.66666666666666663,lower_boundary,85,2026072285,274,0.11111237848347524,True,0,CONVERGENCE: RELATIVE REDUCTION OF F <= FACTR*EPSMCH,213,233,233,False,,,,,0,0,0,0.11111237848347524,False,213,233,233,3.8050698241585485e-05,1.20499279
0.66666666666666663,lower_boundary,80,2026072280,274,1.9725597627471729e-07,True,0,CONVERGENCE: RELATIVE REDUCTION OF F <= FACTR*EPSMCH,100,104,104,True,6.565834247675001e-15,True,0,CONVERGENCE: RELATIVE REDUCTION OF F <= FACTR*EPSMCH,3358,3457,3457,6.565834247675001e-15,True,3458,3561,3561,1.7201679657359136e-11,23.1074606
0.66666666666666663,lower_boundary,84,2026072284,274,7.995453859904581e-08,True,0,CONVERGENCE: RELATIVE REDUCTION OF F <= FACTR*EPSMCH,116,118,118,True,5.6378744318560834e-15,True,0,CONVERGENCE: RELATIVE REDUCTION OF F <= FACTR*EPSMCH,2386,2460,2460,5.6378744318560834e-15,True,2502,2578,2578,3.1934891366680298e-12,19.1518082
0.66666666666666663,lower_boundary,87,2026072287,274,0.11111117438049735,True,0,CONVERGENCE: RELATIVE REDUCTION OF F <= FACTR*EPSMCH,82,87,87,False,,,,,0,0,0,0.11111117438049735,False,82,87,87,9.1034326972893459e-06,0.608281375
0.66666666666666663,lower_boundary,88,2026072288,274,0.11111146189180685,True,0,CONVERGENCE: RELATIVE REDUCTION OF F <= FACTR*EPSMCH,114,126,126,False,,,,,0,0,0,0.11111146189180685,False,114,126,126,1.6172527459367911e-05,1.08624296
0.66666666666666663,lower_boundary,89,2026072289,274,0.1111112194281158,True,0,CONVERGENCE: RELATIVE REDUCTION OF F <= FACTR*EPSMCH,89,93,93,False,,,,,0,0,0,0.1111112194281158,False,89,93,93,5.4878124993947876e-06,0.769015875
0.66666666666666663,lower_boundary,91,2026072291,274,0.26017193331121902,True,0,CONVERGENCE: RELATIVE REDUCTION OF F <= FACTR*EPSMCH,100,108,108,False,,,,,0,0,0,0.26017193331121902,False,100,108,108,4.7929109199186526e-05,1.17057683
0.66666666666666663,lower_boundary,90,2026072290,274,0.1111112639729637,True,0,CONVERGENCE: RELATIVE REDUCTION OF F <= FACTR*EPSMCH,158,174,174,False,,,,,0,0,0,0.1111112639729637,False,158,174,174,5.52326603069465e-05,1.78844746
0.66666666666666663,lower_boundary,93,2026072293,274,0.088500131302128054,True,0,CONVERGENCE: RELATIVE REDUCTION OF F <= FACTR*EPSMCH,95,102,102,False,,,,,0,0,0,0.088500131302128054,False,95,102,102,4.4937353553459181e-05,0.762237291
0.66666666666666663,lower_boundary,81,2026072281,274,2.3225513942079108e-07,True,0,CONVERGENCE: RELATIVE REDUCTION OF F <= FACTR*EPSMCH,137,141,141,True,1.1490141742320381e-14,True,0,CONVERGENCE: RELATIVE REDUCTION OF F <= FACTR*EPSMCH,3782,3895,3895,1.1490141742320381e-14,True,3919,4036,4036,5.0555858647317776e-12,27.687178
0.66666666666666663,lower_boundary,92,2026072292,274,0.11111230901737461,True,0,CONVERGENCE: RELATIVE REDUCTION OF F <= FACTR*EPSMCH,223,248,248,False,,,,,0,0,0,0.11111230901737461,False,223,248,248,0.0001811160059881105,2.13234679
0.66666666666666663,lower_boundary,95,2026072295,274,0.097525015910797125,True,0,CONVERGENCE: RELATIVE REDUCTION OF F <= FACTR*EPSMCH,115,121,121,False,,,,,0,0,0,0.097525015910797125,False,115,121,121,1.8531377762844459e-05,0.898649958
0.66666666666666663,lower_boundary,96,2026072296,274,0.097525041241153396,True,0,CONVERGENCE: RELATIVE REDUCTION OF F <= FACTR*EPSMCH,119,127,127,False,,,,,0,0,0,0.097525041241153396,False,119,127,127,1.5621254435840932e-05,0.927085917
0.66666666666666663,lower_boundary,94,2026072294,274,0.11111303965400898,True,0,CONVERGENCE: RELATIVE REDUCTION OF F <= FACTR*EPSMCH,218,241,241,False,,,,,0,0,0,0.11111303965400898,False,218,241,241,6.0668284585443423e-05,2.12845688
0.66666666666666663,lower_boundary,97,2026072297,274,0.11013283178018371,True,0,CONVERGENCE: RELATIVE REDUCTION OF F <= FACTR*EPSMCH,176,188,188,False,,,,,0,0,0,0.11013283178018371,False,176,188,188,7.5860253044624827e-06,1.27006129
0.66666666666666663,lower_boundary,99,2026072299,274,0.18708434373692451,True,0,CONVERGENCE: RELATIVE REDUCTION OF F <= FACTR*EPSMCH,112,118,118,False,,,,,0,0,0,0.18708434373692451,False,112,118,118,1.3872589885508338e-05,0.815971375
0.66666666666666663,lower_boundary,98,2026072298,274,0.10976032628639783,True,0,CONVERGENCE: RELATIVE REDUCTION OF F <= FACTR*EPSMCH,213,229,229,False,,,,,0,0,0,0.10976032628639783,False,213,229,229,1.5622421986867454e-05,1.69171896
0.80000000000000004,interior,0,2026073200,274,0.040001575177078919,True,0,CONVERGENCE: RELATIVE REDUCTION OF F <= FACTR*EPSMCH,159,172,172,False,,,,,0,0,0,0.040001575177078919,False,159,172,172,2.2931041511819062e-05,1.5727235
0.66666666666666663,lower_boundary,86,2026072286,274,7.5099770574972382e-07,True,0,CONVERGENCE: RELATIVE REDUCTION OF F <= FACTR*EPSMCH,109,111,111,True,5.3158968068256553e-16,True,0,CONVERGENCE: RELATIVE REDUCTION OF F <= FACTR*EPSMCH,4240,4372,4372,5.3158968068256553e-16,True,4349,4483,4483,1.1482013646380218e-11,27.9937203
0.80000000000000004,interior,4,2026073204,274,0.040002124451924991,True,0,CONVERGENCE: RELATIVE REDUCTION OF F <= FACTR*EPSMCH,145,163,163,False,,,,,0,0,0,0.040002124451924991,False,145,163,163,7.569314826111673e-05,0.622899958
0.80000000000000004,interior,5,2026073205,274,0.062487647454723037,True,0,CONVERGENCE: RELATIVE REDUCTION OF F <= FACTR*EPSMCH,76,80,80,False,,,,,0,0,0,0.062487647454723037,False,76,80,80,8.2408662006577677e-05,0.332149792
0.80000000000000004,interior,2,2026073202,274,8.781861256727367e-08,True,0,CONVERGENCE: RELATIVE REDUCTION OF F <= FACTR*EPSMCH,79,83,83,True,1.0979819101875369e-15,True,0,CONVERGENCE: RELATIVE REDUCTION OF F <= FACTR*EPSMCH,3302,3401,3401,1.0979819101875369e-15,True,3381,3484,3484,6.3255015424663122e-12,15.6951545
0.80000000000000004,interior,7,2026073207,274,0.040000061158391997,True,0,CONVERGENCE: RELATIVE REDUCTION OF F <= FACTR*EPSMCH,71,74,74,False,,,,,0,0,0,0.040000061158391997,False,71,74,74,9.6171838420693479e-06,0.337176209
0.80000000000000004,interior,3,2026073203,274,9.3908429847769896e-08,True,0,CONVERGENCE: RELATIVE REDUCTION OF F <= FACTR*EPSMCH,154,159,159,True,1.274665772718137e-15,True,0,CONVERGENCE: RELATIVE REDUCTION OF F <= FACTR*EPSMCH,3298,3392,3392,1.274665772718137e-15,True,3452,3551,3551,3.3725509230756818e-12,15.2867747
0.80000000000000004,interior,8,2026073208,274,0.040000120547881261,True,0,CONVERGENCE: RELATIVE REDUCTION OF F <= FACTR*EPSMCH,101,109,109,False,,,,,0,0,0,0.040000120547881261,False,101,109,109,9.563209662573108e-05,0.485492958
0.80000000000000004,interior,9,2026073209,274,0.040001534603775465,True,0,CONVERGENCE: RELATIVE REDUCTION OF F <= FACTR*EPSMCH,101,111,111,False,,,,,0,0,0,0.040001534603775465,False,101,111,111,4.1626508637357775e-05,0.581042292
0.80000000000000004,interior,1,2026073201,274,1.724100992822416e-07,True,0,CONVERGENCE: RELATIVE REDUCTION OF F <= FACTR*EPSMCH,126,130,130,True,1.0907280913486437e-15,True,0,CONVERGENCE: RELATIVE REDUCTION OF F <= FACTR*EPSMCH,3481,3585,3585,1.0907280913486437e-15,True,3607,3715,3715,7.313132939987175e-12,17.6491165
0.80000000000000004,interior,11,2026073211,274,0.040000061480765833,True,0,CONVERGENCE: RELATIVE REDUCTION OF F <= FACTR*EPSMCH,90,95,95,False,,,,,0,0,0,0.040000061480765833,False,90,95,95,5.36605117150405e-06,0.801765875
0.80000000000000004,interior,13,2026073213,274,0.040000053458071443,True,0,CONVERGENCE: RELATIVE REDUCTION OF F <= FACTR*EPSMCH,82,89,89,False,,,,,0,0,0,0.040000053458071443,False,82,89,89,2.0915825418840119e-05,0.67614475
0.80000000000000004,interior,6,2026073206,274,7.0674866251087333e-08,True,0,CONVERGENCE: RELATIVE REDUCTION OF F <= FACTR*EPSMCH,126,135,135,True,4.3461841815190582e-15,True,0,CONVERGENCE: RELATIVE REDUCTION OF F <= FACTR*EPSMCH,909,939,939,4.3461841815190582e-15,True,1035,1074,1074,3.472698066137984e-12,6.28605367
0.80000000000000004,interior,12,2026073212,274,0.24036769934769775,True,0,CONVERGENCE: RELATIVE REDUCTION OF F <= FACTR*EPSMCH,191,205,205,False,,,,,0,0,0,0.24036769934769775,False,191,205,205,7.9908698140715006e-06,1.65629067
0.80000000000000004,interior,15,2026073215,274,0.040000043502760284,True,0,CONVERGENCE: RELATIVE REDUCTION OF F <= FACTR*EPSMCH,59,61,61,False,,,,,0,0,0,0.040000043502760284,False,59,61,61,5.6613695738061409e-06,0.487504458
0.80000000000000004,interior,17,2026073217,274,0.062487644899597308,True,0,CONVERGENCE: RELATIVE REDUCTION OF F <= FACTR*EPSMCH,98,104,104,False,,,,,0,0,0,0.062487644899597308,False,98,104,104,1.4548511389572694e-05,0.640430375
0.80000000000000004,interior,16,2026073216,274,0.040000447371338475,True,0,CONVERGENCE: RELATIVE REDUCTION OF F <= FACTR*EPSMCH,159,172,172,False,,,,,0,0,0,0.040000447371338475,False,159,172,172,9.8619584113696958e-06,1.24009942
0.80000000000000004,interior,18,2026073218,274,0.040000134081250083,True,0,CONVERGENCE: RELATIVE REDUCTION OF F <= FACTR*EPSMCH,103,108,108,False,,,,,0,0,0,0.040000134081250083,False,103,108,108,0.00010256338511040552,0.858261834
0.80000000000000004,interior,19,2026073219,274,0.040001742005014239,True,0,CONVERGENCE: RELATIVE REDUCTION OF F <= FACTR*EPSMCH,180,199,199,False,,,,,0,0,0,0.040001742005014239,False,180,199,199,0.00017107377876544709,1.56559854
0.80000000000000004,interior,20,2026073220,274,0.040000083509995836,True,0,CONVERGENCE: RELATIVE REDUCTION OF F <= FACTR*EPSMCH,146,164,164,False,,,,,0,0,0,0.040000083509995836,False,146,164,164,3.1838999913074339e-05,1.33832333
0.80000000000000004,interior,22,2026073222,274,0.04000003676366639,True,0,CONVERGENCE: RELATIVE REDUCTION OF F <= FACTR*EPSMCH,83,86,86,False,,,,,0,0,0,0.04000003676366639,False,83,86,86,4.7916162937405166e-06,0.616092125
0.80000000000000004,interior,23,2026073223,274,0.24036776706930912,True,0,CONVERGENCE: RELATIVE REDUCTION OF F <= FACTR*EPSMCH,267,281,281,False,,,,,0,0,0,0.24036776706930912,False,267,281,281,2.769028001001239e-05,2.59226067
0.80000000000000004,interior,24,2026073224,274,0.04000005488359637,True,0,CONVERGENCE: RELATIVE REDUCTION OF F <= FACTR*EPSMCH,106,111,111,False,,,,,0,0,0,0.04000005488359637,False,106,111,111,3.4028521477073661e-05,0.589497458
0.80000000000000004,interior,25,2026073225,274,0.040001377595408047,True,0,CONVERGENCE: RELATIVE REDUCTION OF F <= FACTR*EPSMCH,163,179,179,False,,,,,0,0,0,0.040001377595408047,False,163,179,179,0.00015887769971032427,1.3727155
0.80000000000000004,interior,14,2026073214,274,1.0519087053225675e-07,True,0,CONVERGENCE: RELATIVE REDUCTION OF F <= FACTR*EPSMCH,96,101,101,True,8.4627717850639377e-16,True,0,CONVERGENCE: RELATIVE REDUCTION OF F <= FACTR*EPSMCH,2430,2509,2509,8.4627717850639377e-16,True,2526,2610,2610,3.4827145845304111e-12,15.5998517
0.80000000000000004,interior,27,2026073227,274,0.040000038840493746,True,0,CONVERGENCE: RELATIVE REDUCTION OF F <= FACTR*EPSMCH,104,112,112,False,,,,,0,0,0,0.040000038840493746,False,104,112,112,3.8501299451914155e-05,0.447885166
0.80000000000000004,interior,10,2026073210,274,7.246146841806393e-08,True,0,CONVERGENCE: RELATIVE REDUCTION OF F <= FACTR*EPSMCH,92,94,94,True,2.8324614746867741e-16,True,0,CONVERGENCE: RELATIVE REDUCTION OF F <= FACTR*EPSMCH,2773,2853,2853,2.8324614746867741e-16,True,2865,2947,2947,2.3026150876021683e-11,17.9482519
0.80000000000000004,interior,26,2026073226,274,5.3895322565017282e-08,True,0,CONVERGENCE: RELATIVE REDUCTION OF F <= FACTR*EPSMCH,87,89,89,True,1.0525259960670658e-15,True,0,CONVERGENCE: RELATIVE REDUCTION OF F <= FACTR*EPSMCH,1773,1815,1815,1.0525259960670658e-15,True,1860,1904,1904,2.1775713545564441e-11,9.20192429
0.80000000000000004,interior,21,2026073221,274,1.0414893421746416e-07,True,0,CONVERGENCE: RELATIVE REDUCTION OF F <= FACTR*EPSMCH,108,112,112,True,1.8971949386251147e-15,True,0,CONVERGENCE: RELATIVE REDUCTION OF F <= FACTR*EPSMCH,2831,2903,2903,1.8971949386251147e-15,True,2939,3015,3015,4.9894313993495017e-12,16.8168051
0.80000000000000004,interior,31,2026073231,274,0.040001114159040937,True,0,CONVERGENCE: RELATIVE REDUCTION OF F <= FACTR*EPSMCH,155,173,173,False,,,,,0,0,0,0.040001114159040937,False,155,173,173,7.9485298593767213e-05,0.834432
0.80000000000000004,interior,32,2026073232,274,0.040000245756303156,True,0,CONVERGENCE: RELATIVE REDUCTION OF F <= FACTR*EPSMCH,141,149,149,False,,,,,0,0,0,0.040000245756303156,False,141,149,149,1.8737300207688441e-05,1.75662663
0.80000000000000004,interior,33,2026073233,274,0.040000022623197039,True,0,CONVERGENCE: RELATIVE REDUCTION OF F <= FACTR*EPSMCH,65,67,67,False,,,,,0,0,0,0.040000022623197039,False,65,67,67,5.7686297603048477e-06,0.514246084
0.80000000000000004,interior,29,2026073229,274,6.0284869535243866e-08,True,0,CONVERGENCE: RELATIVE REDUCTION OF F <= FACTR*EPSMCH,133,137,137,True,1.0597999572082579e-15,True,0,CONVERGENCE: RELATIVE REDUCTION OF F <= FACTR*EPSMCH,1937,2003,2003,1.0597999572082579e-15,True,2070,2140,2140,2.2387247407737571e-11,10.9952966
0.80000000000000004,interior,30,2026073230,274,1.4934598213779535e-07,True,0,CONVERGENCE: RELATIVE REDUCTION OF F <= FACTR*EPSMCH,109,114,114,True,8.3840205643365518e-17,True,0,CONVERGENCE: RELATIVE REDUCTION OF F <= FACTR*EPSMCH,1533,1578,1578,8.3840205643365518e-17,True,1642,1692,1692,3.8507512494057005e-12,9.75227408
0.80000000000000004,interior,35,2026073235,274,0.25510979304822368,True,0,CONVERGENCE: RELATIVE REDUCTION OF F <= FACTR*EPSMCH,219,231,231,False,,,,,0,0,0,0.25510979304822368,False,219,231,231,2.4574593291984415e-05,0.816703042
0.80000000000000004,interior,36,2026073236,274,0.040000112576874074,True,0,CONVERGENCE: RELATIVE REDUCTION OF F <= FACTR*EPSMCH,90,97,97,False,,,,,0,0,0,0.040000112576874074,False,90,97,97,0.00012659429134630553,0.341801667
0.80000000000000004,interior,28,2026073228,274,6.3655530677597704e-08,True,0,CONVERGENCE: RELATIVE REDUCTION OF F <= FACTR*EPSMCH,112,118,118,True,6.9400923152279397e-15,True,0,CONVERGENCE: RELATIVE REDUCTION OF F <= FACTR*EPSMCH,3237,3344,3344,6.9400923152279397e-15,True,3349,3462,3462,1.5626194136959488e-11,16.7901577
0.80000000000000004,interior,39,2026073239,274,0.062487625480274193,True,0,CONVERGENCE: RELATIVE REDUCTION OF F <= FACTR*EPSMCH,84,89,89,False,,,,,0,0,0,0.062487625480274193,False,84,89,89,5.0638899194905908e-06,0.365433375
0.80000000000000004,interior,40,2026073240,274,0.0400003749448435,True,0,CONVERGENCE: RELATIVE REDUCTION OF F <= FACTR*EPSMCH,132,143,143,False,,,,,0,0,0,0.0400003749448435,False,132,143,143,6.2796132234472314e-05,0.438007333
0.80000000000000004,interior,41,2026073241,274,0.040000082720218974,True,0,CONVERGENCE: RELATIVE REDUCTION OF F <= FACTR*EPSMCH,132,146,146,False,,,,,0,0,0,0.040000082720218974,False,132,146,146,6.9379502374050916e-05,0.76344925
0.80000000000000004,interior,42,2026073242,274,0.0400002108204007,True,0,CONVERGENCE: RELATIVE REDUCTION OF F <= FACTR*EPSMCH,167,188,188,False,,,,,0,0,0,0.0400002108204007,False,167,188,188,9.3429326848180319e-05,1.30778646
0.80000000000000004,interior,43,2026073243,274,0.040000528399772257,True,0,CONVERGENCE: RELATIVE REDUCTION OF F <= FACTR*EPSMCH,146,163,163,False,,,,,0,0,0,0.040000528399772257,False,146,163,163,0.00010493624370805805,1.25568937
0.80000000000000004,interior,34,2026073234,274,1.4591883881368179e-07,True,0,CONVERGENCE: RELATIVE REDUCTION OF F <= FACTR*EPSMCH,90,94,94,True,3.7928360550397486e-15,True,0,CONVERGENCE: RELATIVE REDUCTION OF F <= FACTR*EPSMCH,3213,3320,3320,3.7928360550397486e-15,True,3303,3414,3414,6.0050323535209044e-12,17.3517353
0.80000000000000004,interior,37,2026073237,274,1.5273076795894897e-07,True,0,CONVERGENCE: RELATIVE REDUCTION OF F <= FACTR*EPSMCH,91,92,92,True,5.9241456380023958e-15,True,0,CONVERGENCE: RELATIVE REDUCTION OF F <= FACTR*EPSMCH,2382,2438,2438,5.9241456380023958e-15,True,2473,2530,2530,1.7425530915277832e-11,12.8708435
0.80000000000000004,interior,45,2026073245,274,0.040000119479529972,True,0,CONVERGENCE: RELATIVE REDUCTION OF F <= FACTR*EPSMCH,118,130,130,False,,,,,0,0,0,0.040000119479529972,False,118,130,130,0.0001031556963313276,0.607479666
0.80000000000000004,interior,46,2026073246,274,0.04000090980826819,True,0,CONVERGENCE: RELATIVE REDUCTION OF F <= FACTR*EPSMCH,141,157,157,False,,,,,0,0,0,0.04000090980826819,False,141,157,157,0.00021930877660085671,0.615519042
0.80000000000000004,interior,47,2026073247,274,0.040001024891289372,True,0,CONVERGENCE: RELATIVE REDUCTION OF F <= FACTR*EPSMCH,117,131,131,False,,,,,0,0,0,0.040001024891289372,False,117,131,131,0.00012241391665179717,0.49447925
0.80000000000000004,interior,38,2026073238,274,1.3766574016056382e-07,True,0,CONVERGENCE: RELATIVE REDUCTION OF F <= FACTR*EPSMCH,101,104,104,True,1.0868599283044753e-15,True,0,CONVERGENCE: RELATIVE REDUCTION OF F <= FACTR*EPSMCH,2655,2730,2730,1.0868599283044753e-15,True,2756,2834,2834,7.2580783735923736e-11,15.2880192
0.80000000000000004,interior,48,2026073248,274,6.083546550895238e-08,True,0,CONVERGENCE: RELATIVE REDUCTION OF F <= FACTR*EPSMCH,117,122,122,True,7.0054084684853932e-16,True,0,CONVERGENCE: RELATIVE REDUCTION OF F <= FACTR*EPSMCH,836,865,865,7.0054084684853932e-16,True,953,987,987,4.2687329858767059e-12,6.11838496
0.80000000000000004,interior,51,2026073251,274,0.040002829070181357,True,0,CONVERGENCE: RELATIVE REDUCTION OF F <= FACTR*EPSMCH,139,155,155,False,,,,,0,0,0,0.040002829070181357,False,139,155,155,8.3096815074608805e-05,0.617012708
0.80000000000000004,interior,49,2026073249,274,2.1762140556160243e-07,True,0,CONVERGENCE: RELATIVE REDUCTION OF F <= FACTR*EPSMCH,98,101,101,True,5.2989269375432998e-16,True,0,CONVERGENCE: RELATIVE REDUCTION OF F <= FACTR*EPSMCH,1014,1046,1046,5.2989269375432998e-16,True,1112,1147,1147,8.2428727442079274e-12,6.58142021
0.80000000000000004,interior,52,2026073252,274,0.040000053814438163,True,0,CONVERGENCE: RELATIVE REDUCTION OF F <= FACTR*EPSMCH,79,84,84,False,,,,,0,0,0,0.040000053814438163,False,79,84,84,8.1637210697436486e-05,0.303523625
0.80000000000000004,interior,53,2026073253,274,0.040000059432006019,True,0,CONVERGENCE: RELATIVE REDUCTION OF F <= FACTR*EPSMCH,90,100,100,False,,,,,0,0,0,0.040000059432006019,False,90,100,100,5.4906631033168948e-06,0.457396167
0.80000000000000004,interior,54,2026073254,274,0.040000042492730759,True,0,CONVERGENCE: RELATIVE REDUCTION OF F <= FACTR*EPSMCH,132,142,142,False,,,,,0,0,0,0.040000042492730759,False,132,142,142,3.9328970599344752e-06,1.00610854
0.80000000000000004,interior,55,2026073255,274,0.04000301627955824,True,0,CONVERGENCE: RELATIVE REDUCTION OF F <= FACTR*EPSMCH,142,157,157,False,,,,,0,0,0,0.04000301627955824,False,142,157,157,0.00019578924087725074,1.27729425
0.80000000000000004,interior,57,2026073257,274,0.16224189543676745,True,0,CONVERGENCE: RELATIVE REDUCTION OF F <= FACTR*EPSMCH,92,98,98,False,,,,,0,0,0,0.16224189543676745,False,92,98,98,4.2637493880171018e-05,0.85146625
0.80000000000000004,interior,58,2026073258,274,0.040000515914184492,True,0,CONVERGENCE: RELATIVE REDUCTION OF F <= FACTR*EPSMCH,199,218,218,False,,,,,0,0,0,0.040000515914184492,False,199,218,218,1.8546877934504319e-05,1.74251171
0.80000000000000004,interior,59,2026073259,274,0.040001645105848034,True,0,CONVERGENCE: RELATIVE REDUCTION OF F <= FACTR*EPSMCH,159,181,181,False,,,,,0,0,0,0.040001645105848034,False,159,181,181,0.00015350344712761107,1.04947654
0.80000000000000004,interior,44,2026073244,274,2.574915367244762e-07,True,0,CONVERGENCE: RELATIVE REDUCTION OF F <= FACTR*EPSMCH,71,74,74,True,8.0486535773544527e-17,True,0,CONVERGENCE: RELATIVE REDUCTION OF F <= FACTR*EPSMCH,3249,3342,3342,8.0486535773544527e-17,True,3320,3416,3416,4.3224663913957252e-12,21.2942611
0.80000000000000004,interior,61,2026073261,274,0.040000208916581299,True,0,CONVERGENCE: RELATIVE REDUCTION OF F <= FACTR*EPSMCH,75,82,82,False,,,,,0,0,0,0.040000208916581299,False,75,82,82,8.2043153935218881e-06,0.292689959
0.80000000000000004,interior,62,2026073262,274,0.39123236482318169,True,0,CONVERGENCE: RELATIVE REDUCTION OF F <= FACTR*EPSMCH,107,113,113,False,,,,,0,0,0,0.39123236482318169,False,107,113,113,5.2360142336293353e-05,0.388333291
0.80000000000000004,interior,63,2026073263,274,0.25510991125884941,True,0,CONVERGENCE: RELATIVE REDUCTION OF F <= FACTR*EPSMCH,253,271,271,False,,,,,0,0,0,0.25510991125884941,False,253,271,271,3.9051920048549515e-05,1.71759187
0.80000000000000004,interior,64,2026073264,274,0.040000738392688084,True,0,CONVERGENCE: RELATIVE REDUCTION OF F <= FACTR*EPSMCH,195,216,216,False,,,,,0,0,0,0.040000738392688084,False,195,216,216,6.2502476940769816e-05,1.12622925
0.80000000000000004,interior,50,2026073250,274,4.0203061723306529e-08,True,0,CONVERGENCE: RELATIVE REDUCTION OF F <= FACTR*EPSMCH,89,92,92,True,3.4867218242574054e-15,True,0,CONVERGENCE: RELATIVE REDUCTION OF F <= FACTR*EPSMCH,2923,3013,3013,3.4867218242574054e-15,True,3012,3105,3105,1.4806558256880696e-11,19.7251178
0.80000000000000004,interior,65,2026073265,274,0.040000271416745461,True,0,CONVERGENCE: RELATIVE REDUCTION OF F <= FACTR*EPSMCH,199,215,215,False,,,,,0,0,0,0.040000271416745461,False,199,215,215,5.7337994408996766e-05,1.85020829
0.80000000000000004,interior,66,2026073266,274,0.16224192658520761,True,0,CONVERGENCE: RELATIVE REDUCTION OF F <= FACTR*EPSMCH,84,88,88,False,,,,,0,0,0,0.16224192658520761,False,84,88,88,5.1094675876300899e-05,0.788112583
0.80000000000000004,interior,67,2026073267,274,0.040000034975735614,True,0,CONVERGENCE: RELATIVE REDUCTION OF F <= FACTR*EPSMCH,115,123,123,False,,,,,0,0,0,0.040000034975735614,False,115,123,123,2.7274313453952312e-05,1.02952688
0.80000000000000004,interior,69,2026073269,274,0.040000024161849404,True,0,CONVERGENCE: RELATIVE REDUCTION OF F <= FACTR*EPSMCH,81,84,84,False,,,,,0,0,0,0.040000024161849404,False,81,84,84,3.6298577870826857e-06,0.693732
0.80000000000000004,interior,60,2026073260,274,7.8385658625330545e-08,True,0,CONVERGENCE: RELATIVE REDUCTION OF F <= FACTR*EPSMCH,78,82,82,True,2.2228032025193395e-16,True,0,CONVERGENCE: RELATIVE REDUCTION OF F <= FACTR*EPSMCH,2393,2453,2453,2.2228032025193395e-16,True,2471,2535,2535,3.7926520706557193e-12,16.2683912
0.80000000000000004,interior,71,2026073271,274,0.0400000657120805,True,0,CONVERGENCE: RELATIVE REDUCTION OF F <= FACTR*EPSMCH,58,60,60,False,,,,,0,0,0,0.0400000657120805,False,58,60,60,4.9563567504263893e-06,0.340701042
0.80000000000000004,interior,70,2026073270,274,4.3798383716659323e-07,True,0,CONVERGENCE: RELATIVE REDUCTION OF F <= FACTR*EPSMCH,93,97,97,True,4.897580494678634e-15,True,0,CONVERGENCE: RELATIVE REDUCTION OF F <= FACTR*EPSMCH,1786,1840,1840,4.897580494678634e-15,True,1879,1937,1937,4.1274346039021617e-12,9.34530129
0.80000000000000004,interior,73,2026073273,274,0.24036783959837316,True,0,CONVERGENCE: RELATIVE REDUCTION OF F <= FACTR*EPSMCH,177,182,182,False,,,,,0,0,0,0.24036783959837316,False,177,182,182,1.8153933675192798e-05,0.584490083
0.80000000000000004,interior,56,2026073256,274,7.8568167166472047e-08,True,0,CONVERGENCE: RELATIVE REDUCTION OF F <= FACTR*EPSMCH,68,72,72,True,8.247198516741972e-15,True,0,CONVERGENCE: RELATIVE REDUCTION OF F <= FACTR*EPSMCH,4552,4684,4684,8.247198516741972e-15,True,4620,4756,4756,1.6322316376067036e-11,27.2680881
0.80000000000000004,interior,72,2026073272,274,8.5099208479171144e-08,True,0,CONVERGENCE: RELATIVE REDUCTION OF F <= FACTR*EPSMCH,118,119,119,True,1.3170273383759765e-14,True,0,CONVERGENCE: RELATIVE REDUCTION OF F <= FACTR*EPSMCH,1421,1459,1459,1.3170273383759765e-14,True,1539,1578,1578,2.5594005610920307e-11,7.07327671
0.80000000000000004,interior,75,2026073275,274,0.040000500063459815,True,0,CONVERGENCE: RELATIVE REDUCTION OF F <= FACTR*EPSMCH,173,190,190,False,,,,,0,0,0,0.040000500063459815,False,173,190,190,0.00023335419243432416,0.941281375
0.80000000000000004,interior,76,2026073276,274,0.04000011429144168,True,0,CONVERGENCE: RELATIVE REDUCTION OF F <= FACTR*EPSMCH,91,96,96,False,,,,,0,0,0,0.04000011429144168,False,91,96,96,0.00012068789759158837,0.380585792
0.80000000000000004,interior,78,2026073278,274,0.040000196987489856,True,0,CONVERGENCE: RELATIVE REDUCTION OF F <= FACTR*EPSMCH,127,139,139,False,,,,,0,0,0,0.040000196987489856,False,127,139,139,5.3011845446210203e-05,0.987839292
0.80000000000000004,interior,79,2026073279,274,0.040003345633902218,True,0,CONVERGENCE: RELATIVE REDUCTION OF F <= FACTR*EPSMCH,157,173,173,False,,,,,0,0,0,0.040003345633902218,False,157,173,173,3.3795414852038116e-05,1.32301258
0.80000000000000004,interior,80,2026073280,274,0.16224193094852593,True,0,CONVERGENCE: RELATIVE REDUCTION OF F <= FACTR*EPSMCH,100,105,105,False,,,,,0,0,0,0.16224193094852593,False,100,105,105,0.00010788104964009723,0.916377875
0.80000000000000004,interior,81,2026073281,274,0.040000223514049617,True,0,CONVERGENCE: RELATIVE REDUCTION OF F <= FACTR*EPSMCH,67,72,72,False,,,,,0,0,0,0.040000223514049617,False,67,72,72,1.7455697989170857e-05,0.653301375
0.80000000000000004,interior,82,2026073282,274,0.040002152674804829,True,0,CONVERGENCE: RELATIVE REDUCTION OF F <= FACTR*EPSMCH,146,161,161,False,,,,,0,0,0,0.040002152674804829,False,146,161,161,3.133159118697046e-05,1.21995362
0.80000000000000004,interior,83,2026073283,274,0.040000032749489961,True,0,CONVERGENCE: RELATIVE REDUCTION OF F <= FACTR*EPSMCH,74,77,77,False,,,,,0,0,0,0.040000032749489961,False,74,77,77,3.6410340335654009e-06,0.690591
0.80000000000000004,interior,68,2026073268,274,6.5042438852096452e-08,True,0,CONVERGENCE: RELATIVE REDUCTION OF F <= FACTR*EPSMCH,92,95,95,True,7.1673446092977538e-15,True,0,CONVERGENCE: RELATIVE REDUCTION OF F <= FACTR*EPSMCH,3381,3480,3480,7.1673446092977538e-15,True,3473,3575,3575,6.6562166691560213e-12,21.1219827
0.80000000000000004,interior,85,2026073285,274,0.040000105690321933,True,0,CONVERGENCE: RELATIVE REDUCTION OF F <= FACTR*EPSMCH,67,73,73,False,,,,,0,0,0,0.040000105690321933,False,67,73,73,4.5124411200230045e-05,0.517722208
0.80000000000000004,interior,74,2026073274,274,1.0708757314805258e-07,True,0,CONVERGENCE: RELATIVE REDUCTION OF F <= FACTR*EPSMCH,98,101,101,True,2.5832492131059395e-15,True,0,CONVERGENCE: RELATIVE REDUCTION OF F <= FACTR*EPSMCH,3119,3216,3216,2.5832492131059395e-15,True,3217,3317,3317,1.7546079008607718e-11,17.8941637
0.80000000000000004,interior,87,2026073287,274,0.040000036342340665,True,0,CONVERGENCE: RELATIVE REDUCTION OF F <= FACTR*EPSMCH,136,154,154,False,,,,,0,0,0,0.040000036342340665,False,136,154,154,4.3950846683768301e-06,0.597696792
0.80000000000000004,interior,84,2026073284,274,4.3962593594933298e-08,True,0,CONVERGENCE: RELATIVE REDUCTION OF F <= FACTR*EPSMCH,134,140,140,True,4.0314340035893423e-16,True,0,CONVERGENCE: RELATIVE REDUCTION OF F <= FACTR*EPSMCH,2226,2299,2299,4.0314340035893423e-16,True,2360,2439,2439,5.7343555323225732e-12,12.363468
0.80000000000000004,interior,77,2026073277,274,1.6213303919880763e-07,True,0,CONVERGENCE: RELATIVE REDUCTION OF F <= FACTR*EPSMCH,95,98,98,True,2.7819070064738532e-16,True,0,CONVERGENCE: RELATIVE REDUCTION OF F <= FACTR*EPSMCH,3344,3447,3447,2.7819070064738532e-16,True,3439,3545,3545,5.2790996000394112e-12,18.841377
0.80000000000000004,interior,89,2026073289,274,0.04000005692965309,True,0,CONVERGENCE: RELATIVE REDUCTION OF F <= FACTR*EPSMCH,86,95,95,False,,,,,0,0,0,0.04000005692965309,False,86,95,95,7.046413328527356e-06,0.556021333
0.80000000000000004,interior,90,2026073290,274,0.040000051133248997,True,0,CONVERGENCE: RELATIVE REDUCTION OF F <= FACTR*EPSMCH,97,110,110,False,,,,,0,0,0,0.040000051133248997,False,97,110,110,7.6961490080950225e-06,0.454587917
0.80000000000000004,interior,92,2026073292,274,0.24036842868398592,True,0,CONVERGENCE: RELATIVE REDUCTION OF F <= FACTR*EPSMCH,202,209,209,False,,,,,0,0,0,0.24036842868398592,False,202,209,209,8.9755773628341385e-05,1.77464179
0.80000000000000004,interior,93,2026073293,274,0.040000020957535881,True,0,CONVERGENCE: RELATIVE REDUCTION OF F <= FACTR*EPSMCH,78,80,80,False,,,,,0,0,0,0.040000020957535881,False,78,80,80,3.6596247495189775e-06,0.447868417
0.80000000000000004,interior,94,2026073294,274,0.040000043525629227,True,0,CONVERGENCE: RELATIVE REDUCTION OF F <= FACTR*EPSMCH,83,93,93,False,,,,,0,0,0,0.040000043525629227,False,83,93,93,2.2159926421638129e-05,0.358547208
0.80000000000000004,interior,91,2026073291,274,1.9400000468074823e-07,True,0,CONVERGENCE: RELATIVE REDUCTION OF F <= FACTR*EPSMCH,109,111,111,True,7.6054341946441964e-15,True,0,CONVERGENCE: RELATIVE REDUCTION OF F <= FACTR*EPSMCH,2049,2117,2117,7.6054341946441964e-15,True,2158,2228,2228,7.8041004885704837e-12,10.9655267
0.80000000000000004,interior,86,2026073286,274,9.2662110626521579e-08,True,0,CONVERGENCE: RELATIVE REDUCTION OF F <= FACTR*EPSMCH,111,116,116,True,1.2336764583808618e-15,True,0,CONVERGENCE: RELATIVE REDUCTION OF F <= FACTR*EPSMCH,4808,4939,4939,1.2336764583808618e-15,True,4919,5055,5055,3.14208553545395e-11,25.3291815
0.80000000000000004,interior,88,2026073288,274,1.1307959854871597e-07,True,0,CONVERGENCE: RELATIVE REDUCTION OF F <= FACTR*EPSMCH,115,118,118,True,2.0723921471369403e-15,True,0,CONVERGENCE: RELATIVE REDUCTION OF F <= FACTR*EPSMCH,3539,3635,3635,2.0723921471369403e-15,True,3654,3753,3753,1.124153856479489e-11,16.94054
0.80000000000000004,interior,97,2026073297,274,0.16224193219323896,True,0,CONVERGENCE: RELATIVE REDUCTION OF F <= FACTR*EPSMCH,107,114,114,False,,,,,0,0,0,0.16224193219323896,False,107,114,114,9.1608739218010041e-05,0.511352917
0.80000000000000004,interior,96,2026073296,274,5.5303770756582299e-08,True,0,CONVERGENCE: RELATIVE REDUCTION OF F <= FACTR*EPSMCH,105,108,108,True,3.0143115894337233e-16,True,0,CONVERGENCE: RELATIVE REDUCTION OF F <= FACTR*EPSMCH,2745,2831,2831,3.0143115894337233e-16,True,2850,2939,2939,4.7328803362261468e-12,12.7506348
0.80000000000000004,interior,95,2026073295,274,4.6376569695664511e-08,True,0,CONVERGENCE: RELATIVE REDUCTION OF F <= FACTR*EPSMCH,107,112,112,True,1.3315896492905046e-16,True,0,CONVERGENCE: RELATIVE REDUCTION OF F <= FACTR*EPSMCH,5053,5205,5205,1.3315896492905046e-16,True,5160,5317,5317,4.0048050970780465e-12,21.1014439
0.80000000000000004,interior,98,2026073298,274,3.7939029965422965e-07,True,0,CONVERGENCE: RELATIVE REDUCTION OF F <= FACTR*EPSMCH,80,82,82,True,1.6559457889489767e-15,True,0,CONVERGENCE: RELATIVE REDUCTION OF F <= FACTR*EPSMCH,2417,2491,2491,1.6559457889489767e-15,True,2497,2573,2573,6.9324327220963668e-12,10.3441615
1,upper_boundary,0,2026074200,274,1.1355569079907504e-07,True,0,CONVERGENCE: RELATIVE REDUCTION OF F <= FACTR*EPSMCH,73,78,78,True,2.2837759858120937e-16,True,0,CONVERGENCE: RELATIVE REDUCTION OF F <= FACTR*EPSMCH,716,744,744,2.2837759858120937e-16,True,789,822,822,1.3983250849282803e-11,3.98487167
1,upper_boundary,2,2026074202,274,1.5264630010180137e-07,True,0,CONVERGENCE: RELATIVE REDUCTION OF F <= FACTR*EPSMCH,141,150,150,True,7.7701555135646897e-16,True,0,CONVERGENCE: RELATIVE REDUCTION OF F <= FACTR*EPSMCH,613,684,684,7.7701555135646897e-16,True,754,834,834,1.5544872305785594e-10,3.90103937
1,upper_boundary,3,2026074203,274,4.4043288377003769e-08,True,0,CONVERGENCE: RELATIVE REDUCTION OF F <= FACTR*EPSMCH,71,74,74,True,2.1085908472388285e-18,True,0,CONVERGENCE: RELATIVE REDUCTION OF F <= FACTR*EPSMCH,615,635,635,2.1085908472388285e-18,True,686,709,709,5.7021767942198331e-12,3.43080863
1,upper_boundary,5,2026074205,274,0.074015964608613691,True,0,CONVERGENCE: RELATIVE REDUCTION OF F <= FACTR*EPSMCH,84,89,89,False,,,,,0,0,0,0.074015964608613691,False,84,89,89,7.0469967246492054e-05,0.476087333
0.80000000000000004,interior,99,2026073299,274,2.4465514868557242e-08,True,0,CONVERGENCE: RELATIVE REDUCTION OF F <= FACTR*EPSMCH,122,127,127,True,1.3524890213940551e-14,True,0,CONVERGENCE: RELATIVE REDUCTION OF F <= FACTR*EPSMCH,3837,3942,3942,1.3524890213940551e-14,True,3959,4069,4069,5.7860039082081621e-12,18.891813
1,upper_boundary,4,2026074204,274,2.9443626086528309e-07,True,0,CONVERGENCE: RELATIVE REDUCTION OF F <= FACTR*EPSMCH,107,116,116,True,1.2961114365301334e-15,True,0,CONVERGENCE: RELATIVE REDUCTION OF F <= FACTR*EPSMCH,1201,1343,1343,1.2961114365301334e-15,True,1308,1459,1459,3.3463339784398512e-10,7.94620733
1,upper_boundary,6,2026074206,274,1.0230142567737499e-07,True,0,CONVERGENCE: RELATIVE REDUCTION OF F <= FACTR*EPSMCH,89,94,94,True,1.5568197008778887e-16,True,0,CONVERGENCE: RELATIVE REDUCTION OF F <= FACTR*EPSMCH,982,1053,1053,1.5568197008778887e-16,True,1071,1147,1147,3.4286078287391098e-12,6.95738487
1,upper_boundary,1,2026074201,274,7.4755836585590022e-07,True,0,CONVERGENCE: RELATIVE REDUCTION OF F <= FACTR*EPSMCH,97,101,101,True,2.3221511221735201e-14,True,0,CONVERGENCE: RELATIVE REDUCTION OF F <= FACTR*EPSMCH,2926,3017,3017,2.3221511221735201e-14,True,3023,3118,3118,1.0829695131459305e-11,17.0490425
1,upper_boundary,7,2026074207,274,4.1414631338473645e-07,True,0,CONVERGENCE: RELATIVE REDUCTION OF F <= FACTR*EPSMCH,107,113,113,True,3.7607801473528356e-15,True,0,CONVERGENCE: RELATIVE REDUCTION OF F <= FACTR*EPSMCH,1247,1351,1351,3.7607801473528356e-15,True,1354,1464,1464,1.5040898907740542e-11,8.81127492
1,upper_boundary,10,2026074210,274,5.9488247153695345e-08,True,0,CONVERGENCE: RELATIVE REDUCTION OF F <= FACTR*EPSMCH,140,147,147,True,6.8809029350316025e-16,True,0,CONVERGENCE: RELATIVE REDUCTION OF F <= FACTR*EPSMCH,690,707,707,6.8809029350316025e-16,True,830,854,854,7.0179100432752987e-12,5.47684058
1,upper_boundary,11,2026074211,274,3.5413921684302186e-07,True,0,CONVERGENCE: RELATIVE REDUCTION OF F <= FACTR*EPSMCH,100,111,111,True,2.594929401537072e-16,True,0,CONVERGENCE: RELATIVE REDUCTION OF F <= FACTR*EPSMCH,1057,1192,1192,2.594929401537072e-16,True,1157,1303,1303,1.7347243366807503e-10,8.38473317
1,upper_boundary,13,2026074213,274,0.074016002208842163,True,0,CONVERGENCE: RELATIVE REDUCTION OF F <= FACTR*EPSMCH,82,88,88,False,,,,,0,0,0,0.074016002208842163,False,82,88,88,0.00010409061067358615,0.366583334
1,upper_boundary,8,2026074208,274,5.6535400178702503e-07,True,0,CONVERGENCE: RELATIVE REDUCTION OF F <= FACTR*EPSMCH,142,156,156,True,2.7666406039551591e-15,True,0,CONVERGENCE: RELATIVE REDUCTION OF F <= FACTR*EPSMCH,2305,2628,2628,2.7666406039551591e-15,True,2447,2784,2784,6.8026249237627609e-11,16.2796042
1,upper_boundary,12,2026074212,274,1.0953521072105182e-07,True,0,CONVERGENCE: RELATIVE REDUCTION OF F <= FACTR*EPSMCH,124,139,139,True,1.1196502067869703e-16,True,0,CONVERGENCE: RELATIVE REDUCTION OF F <= FACTR*EPSMCH,962,1091,1091,1.1196502067869703e-16,True,1086,1230,1230,7.805044075834807e-11,6.40655996
1,upper_boundary,16,2026074216,274,0.074015965332749498,True,0,CONVERGENCE: RELATIVE REDUCTION OF F <= FACTR*EPSMCH,73,77,77,False,,,,,0,0,0,0.074015965332749498,False,73,77,77,1.3445998956166371e-05,0.453111375
1,upper_boundary,9,2026074209,274,1.1918944602796823e-08,True,0,CONVERGENCE: RELATIVE REDUCTION OF F <= FACTR*EPSMCH,96,103,103,True,1.7399380730281568e-15,True,0,CONVERGENCE: RELATIVE REDUCTION OF F <= FACTR*EPSMCH,2614,2810,2810,1.7399380730281568e-15,True,2710,2913,2913,5.8414838656594731e-11,18.4686115
1,upper_boundary,15,2026074215,274,1.0658862647365084e-07,True,0,CONVERGENCE: RELATIVE REDUCTION OF F <= FACTR*EPSMCH,96,100,100,True,1.1123330243526035e-13,True,0,CONVERGENCE: RELATIVE REDUCTION OF F <= FACTR*EPSMCH,981,1016,1016,1.1123330243526035e-13,True,1077,1116,1116,1.249612540406213e-11,7.21089763
1,upper_boundary,18,2026074218,274,1.0383660326825954e-07,True,0,CONVERGENCE: RELATIVE REDUCTION OF F <= FACTR*EPSMCH,75,79,79,True,3.4612247990017965e-16,True,0,CONVERGENCE: RELATIVE REDUCTION OF F <= FACTR*EPSMCH,1235,1307,1307,3.4612247990017965e-16,True,1310,1386,1386,4.2602154578804835e-12,7.72594879
1,upper_boundary,19,2026074219,274,1.1733842706326553e-07,True,0,CONVERGENCE: RELATIVE REDUCTION OF F <= FACTR*EPSMCH,111,115,115,True,3.7010230295144596e-17,True,0,CONVERGENCE: RELATIVE REDUCTION OF F <= FACTR*EPSMCH,1092,1122,1122,3.7010230295144596e-17,True,1203,1237,1237,4.3700159922461179e-11,6.75842479
1,upper_boundary,14,2026074214,274,1.6092666736875596e-07,True,0,CONVERGENCE: RELATIVE REDUCTION OF F <= FACTR*EPSMCH,147,154,154,True,5.8644461927688173e-15,True,0,CONVERGENCE: RELATIVE REDUCTION OF F <= FACTR*EPSMCH,2614,2707,2707,5.8644461927688173e-15,True,2761,2861,2861,7.3159305188761261e-12,17.9326883
1,upper_boundary,22,2026074222,274,0.15673867921564688,True,0,CONVERGENCE: RELATIVE REDUCTION OF F <= FACTR*EPSMCH,106,109,109,False,,,,,0,0,0,0.15673867921564688,False,106,109,109,9.4815131311491024e-06,0.6199115
1,upper_boundary,23,2026074223,274,1.118528059462283e-07,True,0,CONVERGENCE: RELATIVE REDUCTION OF F <= FACTR*EPSMCH,91,101,101,True,2.2342188481018471e-18,True,0,CONVERGENCE: RELATIVE REDUCTION OF F <= FACTR*EPSMCH,691,781,781,2.2342188481018471e-18,True,782,882,882,1.4809303465184798e-10,5.38122379
1,upper_boundary,17,2026074217,274,3.5351492758283429e-07,True,0,CONVERGENCE: RELATIVE REDUCTION OF F <= FACTR*EPSMCH,97,101,101,True,3.5483276321115367e-15,True,0,CONVERGENCE: RELATIVE REDUCTION OF F <= FACTR*EPSMCH,3346,3458,3458,3.5483276321115367e-15,True,3443,3559,3559,1.3410428884830161e-11,21.7421471
1,upper_boundary,21,2026074221,274,7.611790189263863e-07,True,0,CONVERGENCE: RELATIVE REDUCTION OF F <= FACTR*EPSMCH,96,102,102,True,1.4542441811725291e-15,True,0,CONVERGENCE: RELATIVE REDUCTION OF F <= FACTR*EPSMCH,1437,1646,1646,1.4542441811725291e-15,True,1533,1748,1748,9.0121429590733244e-11,10.6099594
1,upper_boundary,24,2026074224,274,9.6400888184522575e-08,True,0,CONVERGENCE: RELATIVE REDUCTION OF F <= FACTR*EPSMCH,63,68,68,True,1.1415740334675501e-17,True,0,CONVERGENCE: RELATIVE REDUCTION OF F <= FACTR*EPSMCH,1627,1778,1778,1.1415740334675501e-17,True,1690,1846,1846,2.7110287889871948e-11,9.37069704
1,upper_boundary,20,2026074220,274,2.8578948052506369e-06,True,0,CONVERGENCE: RELATIVE REDUCTION OF F <= FACTR*EPSMCH,141,152,152,True,2.664111304021657e-15,True,0,CONVERGENCE: RELATIVE REDUCTION OF F <= FACTR*EPSMCH,3215,3649,3649,2.664111304021657e-15,True,3356,3801,3801,1.7807421350108886e-10,20.6544862
1,upper_boundary,25,2026074225,274,6.1073061842716563e-07,True,0,CONVERGENCE: RELATIVE REDUCTION OF F <= FACTR*EPSMCH,162,181,181,True,1.6422372080487816e-18,True,0,CONVERGENCE: RELATIVE REDUCTION OF F <= FACTR*EPSMCH,2084,2379,2379,1.6422372080487816e-18,True,2246,2560,2560,8.7573379894982804e-11,14.0869794
1,upper_boundary,28,2026074228,274,2.9219810282995981e-07,True,0,CONVERGENCE: RELATIVE REDUCTION OF F <= FACTR*EPSMCH,93,99,99,True,5.8198855834461757e-16,True,0,CONVERGENCE: RELATIVE REDUCTION OF F <= FACTR*EPSMCH,517,555,555,5.8198855834461757e-16,True,610,654,654,2.2189984494857073e-11,4.47526908
1,upper_boundary,27,2026074227,274,3.1831903690300812e-08,True,0,CONVERGENCE: RELATIVE REDUCTION OF F <= FACTR*EPSMCH,117,121,121,True,2.1545420056858959e-18,True,0,CONVERGENCE: RELATIVE REDUCTION OF F <= FACTR*EPSMCH,1383,1559,1559,2.1545420056858959e-18,True,1500,1680,1680,2.9998764882282044e-11,9.79360075
1,upper_boundary,26,2026074226,274,2.3724740244624943e-06,True,0,CONVERGENCE: RELATIVE REDUCTION OF F <= FACTR*EPSMCH,159,176,176,True,1.7568184583069589e-15,True,0,CONVERGENCE: RELATIVE REDUCTION OF F <= FACTR*EPSMCH,3183,3601,3601,1.7568184583069589e-15,True,3342,3777,3777,4.3105235071435152e-11,20.7196328
1,upper_boundary,29,2026074229,274,1.6702595349806765e-07,True,0,CONVERGENCE: RELATIVE REDUCTION OF F <= FACTR*EPSMCH,99,106,106,True,2.6630593893625694e-16,True,0,CONVERGENCE: RELATIVE REDUCTION OF F <= FACTR*EPSMCH,1487,1655,1655,2.6630593893625694e-16,True,1586,1761,1761,8.2586666658738771e-12,9.94565642
1,upper_boundary,31,2026074231,274,1.4722495470698726e-07,True,0,CONVERGENCE: RELATIVE REDUCTION OF F <= FACTR*EPSMCH,76,84,84,True,1.5882012181473071e-15,True,0,CONVERGENCE: RELATIVE REDUCTION OF F <= FACTR*EPSMCH,751,783,783,1.5882012181473071e-15,True,827,867,867,7.8227748454119742e-12,5.12798108
1,upper_boundary,30,2026074230,274,5.2163063509084383e-07,True,0,CONVERGENCE: RELATIVE REDUCTION OF F <= FACTR*EPSMCH,165,177,177,True,7.6535220880115551e-17,True,0,CONVERGENCE: RELATIVE REDUCTION OF F <= FACTR*EPSMCH,1304,1484,1484,7.6535220880115551e-17,True,1469,1661,1661,2.316579626231742e-10,9.96995467
1,upper_boundary,33,2026074233,274,0.19800781053838334,True,0,CONVERGENCE: RELATIVE REDUCTION OF F <= FACTR*EPSMCH,366,385,385,False,,,,,0,0,0,0.19800781053838334,False,366,385,385,0.00017374958828064724,2.70333104
1,upper_boundary,34,2026074234,274,1.1605677838332415e-07,True,0,CONVERGENCE: RELATIVE REDUCTION OF F <= FACTR*EPSMCH,58,63,63,True,1.9781844547926964e-16,True,0,CONVERGENCE: RELATIVE REDUCTION OF F <= FACTR*EPSMCH,1142,1261,1261,1.9781844547926964e-16,True,1200,1324,1324,6.2992229666828001e-11,7.40785438
1,upper_boundary,35,2026074235,274,6.9262591774654645e-08,True,0,CONVERGENCE: RELATIVE REDUCTION OF F <= FACTR*EPSMCH,96,104,104,True,5.2317813531819974e-17,True,0,CONVERGENCE: RELATIVE REDUCTION OF F <= FACTR*EPSMCH,1117,1248,1248,5.2317813531819974e-17,True,1213,1352,1352,2.488697329264728e-11,7.30957729
1,upper_boundary,36,2026074236,274,1.3655872436194531e-07,True,0,CONVERGENCE: RELATIVE REDUCTION OF F <= FACTR*EPSMCH,84,92,92,True,1.1734283723912464e-16,True,0,CONVERGENCE: RELATIVE REDUCTION OF F <= FACTR*EPSMCH,1031,1137,1137,1.1734283723912464e-16,True,1115,1229,1229,9.073311256429356e-12,6.1609535
1,upper_boundary,38,2026074238,274,0.19800830561815683,True,0,CONVERGENCE: RELATIVE REDUCTION OF F <= FACTR*EPSMCH,182,188,188,False,,,,,0,0,0,0.19800830561815683,False,182,188,188,6.3514365496578074e-05,1.29812633
1,upper_boundary,32,2026074232,274,6.702118858976352e-08,True,0,CONVERGENCE: RELATIVE REDUCTION OF F <= FACTR*EPSMCH,137,149,149,True,1.2001088450536927e-15,True,0,CONVERGENCE: RELATIVE REDUCTION OF F <= FACTR*EPSMCH,1725,1933,1933,1.2001088450536927e-15,True,1862,2082,2082,9.6306391228482219e-12,12.1625193
1,upper_boundary,39,2026074239,274,1.4878397961752984e-07,True,0,CONVERGENCE: RELATIVE REDUCTION OF F <= FACTR*EPSMCH,122,134,134,True,8.1739513611297249e-17,True,0,CONVERGENCE: RELATIVE REDUCTION OF F <= FACTR*EPSMCH,631,716,716,8.1739513611297249e-17,True,753,850,850,1.1530251422575082e-10,5.45287887
1,upper_boundary,41,2026074241,274,7.498827245114963e-08,True,0,CONVERGENCE: RELATIVE REDUCTION OF F <= FACTR*EPSMCH,85,91,91,True,4.1850704173018693e-18,True,0,CONVERGENCE: RELATIVE REDUCTION OF F <= FACTR*EPSMCH,706,784,784,4.1850704173018693e-18,True,791,875,875,1.7388350673445565e-10,4.47987325
1,upper_boundary,42,2026074242,274,2.2974830673804344e-08,True,0,CONVERGENCE: RELATIVE REDUCTION OF F <= FACTR*EPSMCH,79,82,82,True,5.8748918056291768e-18,True,0,CONVERGENCE: RELATIVE REDUCTION OF F <= FACTR*EPSMCH,507,522,522,5.8748918056291768e-18,True,586,604,604,4.985771902057934e-12,3.47750333
1,upper_boundary,40,2026074240,274,2.8990514573220132e-07,True,0,CONVERGENCE: RELATIVE REDUCTION OF F <= FACTR*EPSMCH,131,136,136,True,5.3988337167185819e-15,True,0,CONVERGENCE: RELATIVE REDUCTION OF F <= FACTR*EPSMCH,3041,3139,3139,5.3988337167185819e-15,True,3172,3275,3275,1.1257002963568203e-11,18.0442715
1,upper_boundary,45,2026074245,274,0.19800767900849189,True,0,CONVERGENCE: RELATIVE REDUCTION OF F <= FACTR*EPSMCH,339,355,355,False,,,,,0,0,0,0.19800767900849189,False,339,355,355,1.2385819453751556e-05,2.236414
1,upper_boundary,43,2026074243,274,3.8879955128526773e-07,True,0,CONVERGENCE: RELATIVE REDUCTION OF F <= FACTR*EPSMCH,164,179,179,True,1.6985814621008778e-15,True,0,CONVERGENCE: RELATIVE REDUCTION OF F <= FACTR*EPSMCH,2246,2554,2554,1.6985814621008778e-15,True,2410,2733,2733,3.4173755385488887e-11,14.297171
1,upper_boundary,44,2026074244,274,9.590987684084065e-08,True,0,CONVERGENCE: RELATIVE REDUCTION OF F <= FACTR*EPSMCH,113,119,119,True,3.0153157970760422e-16,True,0,CONVERGENCE: RELATIVE REDUCTION OF F <= FACTR*EPSMCH,2170,2399,2399,3.0153157970760422e-16,True,2283,2518,2518,9.4518901238764966e-12,12.9481199
1,upper_boundary,37,2026074237,274,3.2676070686078188e-08,True,0,CONVERGENCE: RELATIVE REDUCTION OF F <= FACTR*EPSMCH,100,104,104,True,3.1714514673684602e-16,True,0,CONVERGENCE: RELATIVE REDUCTION OF F <= FACTR*EPSMCH,4128,4237,4237,3.1714514673684602e-16,True,4228,4341,4341,2.7084694194501602e-11,24.1480371
1,upper_boundary,49,2026074249,274,0.074015961827412852,True,0,CONVERGENCE: RELATIVE REDUCTION OF F <= FACTR*EPSMCH,149,159,159,False,,,,,0,0,0,0.074015961827412852,False,149,159,159,3.0334195789592568e-05,1.06893021
1,upper_boundary,48,2026074248,274,6.9933249791287126e-08,True,0,CONVERGENCE: RELATIVE REDUCTION OF F <= FACTR*EPSMCH,78,81,81,True,4.0569947716567036e-16,True,0,CONVERGENCE: RELATIVE REDUCTION OF F <= FACTR*EPSMCH,769,801,801,4.0569947716567036e-16,True,847,882,882,2.7322307689013723e-11,5.19900692
1,upper_boundary,47,2026074247,274,9.8772794506280474e-08,True,0,CONVERGENCE: RELATIVE REDUCTION OF F <= FACTR*EPSMCH,95,100,100,True,2.6931752384483459e-15,True,0,CONVERGENCE: RELATIVE REDUCTION OF F <= FACTR*EPSMCH,1403,1486,1486,2.6931752384483459e-15,True,1498,1586,1586,1.0576718579940628e-11,8.57037325
1,upper_boundary,46,2026074246,274,1.8396401498255667e-08,True,0,CONVERGENCE: RELATIVE REDUCTION OF F <= FACTR*EPSMCH,68,70,70,True,3.6733476915707099e-16,True,0,CONVERGENCE: RELATIVE REDUCTION OF F <= FACTR*EPSMCH,1528,1589,1589,3.6733476915707099e-16,True,1596,1659,1659,4.1874590403816269e-12,9.75141067
1,upper_boundary,51,2026074251,274,2.5874985748101611e-07,True,0,CONVERGENCE: RELATIVE REDUCTION OF F <= FACTR*EPSMCH,116,131,131,True,2.0368721214277033e-15,True,0,CONVERGENCE: RELATIVE REDUCTION OF F <= FACTR*EPSMCH,1670,1868,1868,2.0368721214277033e-15,True,1786,1999,1999,9.5030576171896148e-12,10.4577496
1,upper_boundary,50,2026074250,274,1.0559475611414783e-07,True,0,CONVERGENCE: RELATIVE REDUCTION OF F <= FACTR*EPSMCH,104,110,110,True,7.4320691834317732e-15,True,0,CONVERGENCE: RELATIVE REDUCTION OF F <= FACTR*EPSMCH,2417,2495,2495,7.4320691834317732e-15,True,2521,2605,2605,1.8156458271271325e-11,14.1600725
1,upper_boundary,52,2026074252,274,4.2689738520293875e-07,True,0,CONVERGENCE: RELATIVE REDUCTION OF F <= FACTR*EPSMCH,196,224,224,True,2.3656400647598538e-17,True,0,CONVERGENCE: RELATIVE REDUCTION OF F <= FACTR*EPSMCH,1896,2156,2156,2.3656400647598538e-17,True,2092,2380,2380,5.908285233867439e-11,11.9148707
1,upper_boundary,53,2026074253,274,1.5560307529445811e-07,True,0,CONVERGENCE: RELATIVE REDUCTION OF F <= FACTR*EPSMCH,121,127,127,True,1.3145081084374185e-14,True,0,CONVERGENCE: RELATIVE REDUCTION OF F <= FACTR*EPSMCH,4037,4170,4170,1.3145081084374185e-14,True,4158,4297,4297,2.1270218814589248e-11,22.3281342
1,upper_boundary,54,2026074254,274,9.6110597302588955e-08,True,0,CONVERGENCE: RELATIVE REDUCTION OF F <= FACTR*EPSMCH,65,68,68,True,6.2751452895762794e-15,True,0,CONVERGENCE: RELATIVE REDUCTION OF F <= FACTR*EPSMCH,2972,3065,3065,6.2751452895762794e-15,True,3037,3133,3133,1.0098294381963476e-11,15.4771644
1,upper_boundary,58,2026074258,274,0.15673865525749847,True,0,CONVERGENCE: RELATIVE REDUCTION OF F <= FACTR*EPSMCH,88,95,95,False,,,,,0,0,0,0.15673865525749847,False,88,95,95,5.8745061678185949e-05,0.47282225
1,upper_boundary,59,2026074259,274,0.07401598293089795,True,0,CONVERGENCE: RELATIVE REDUCTION OF F <= FACTR*EPSMCH,96,103,103,False,,,,,0,0,0,0.07401598293089795,False,96,103,103,8.3816311961928958e-05,0.530747
1,upper_boundary,60,2026074260,274,0.23351868179763458,True,0,CONVERGENCE: RELATIVE REDUCTION OF F <= FACTR*EPSMCH,114,123,123,False,,,,,0,0,0,0.23351868179763458,False,114,123,123,6.8593098209265141e-05,0.951898458
1,upper_boundary,61,2026074261,274,0.16970786023282639,True,0,CONVERGENCE: RELATIVE REDUCTION OF F <= FACTR*EPSMCH,104,110,110,False,,,,,0,0,0,0.16970786023282639,False,104,110,110,5.8353933734597158e-06,0.918126709
1,upper_boundary,62,2026074262,274,0.074015969401820175,True,0,CONVERGENCE: RELATIVE REDUCTION OF F <= FACTR*EPSMCH,98,102,102,False,,,,,0,0,0,0.074015969401820175,False,98,102,102,5.729625516900233e-05,0.59735825
1,upper_boundary,56,2026074256,274,4.2447585809501625e-07,True,0,CONVERGENCE: RELATIVE REDUCTION OF F <= FACTR*EPSMCH,76,78,78,True,3.570375558634172e-15,True,0,CONVERGENCE: RELATIVE REDUCTION OF F <= FACTR*EPSMCH,3109,3209,3209,3.570375558634172e-15,True,3185,3287,3287,4.5002048550657746e-12,16.8024622
1,upper_boundary,57,2026074257,274,8.2906213532887336e-07,True,0,CONVERGENCE: RELATIVE REDUCTION OF F <= FACTR*EPSMCH,88,94,94,True,1.0518910516062198e-14,True,0,CONVERGENCE: RELATIVE REDUCTION OF F <= FACTR*EPSMCH,1193,1233,1233,1.0518910516062198e-14,True,1281,1327,1327,7.1970802067037039e-12,7.84376287
1,upper_boundary,55,2026074255,274,7.564663682216833e-07,True,0,CONVERGENCE: RELATIVE REDUCTION OF F <= FACTR*EPSMCH,114,124,124,True,2.9149392186772455e-16,True,0,CONVERGENCE: RELATIVE REDUCTION OF F <= FACTR*EPSMCH,4129,4679,4679,2.9149392186772455e-16,True,4243,4803,4803,3.5563373593613946e-11,25.4560733
1,upper_boundary,63,2026074263,274,5.5627326533799201e-08,True,0,CONVERGENCE: RELATIVE REDUCTION OF F <= FACTR*EPSMCH,89,94,94,True,1.2186834692181614e-15,True,0,CONVERGENCE: RELATIVE REDUCTION OF F <= FACTR*EPSMCH,2290,2387,2387,1.2186834692181614e-15,True,2379,2481,2481,1.7631835786376459e-11,12.9016485
1,upper_boundary,67,2026074267,274,0.15673867876537267,True,0,CONVERGENCE: RELATIVE REDUCTION OF F <= FACTR*EPSMCH,117,124,124,False,,,,,0,0,0,0.15673867876537267,False,117,124,124,4.9681005281048095e-05,0.744551542
1,upper_boundary,68,2026074268,274,9.0154895602430431e-08,True,0,CONVERGENCE: RELATIVE REDUCTION OF F <= FACTR*EPSMCH,70,74,74,True,1.8456074881813145e-16,True,0,CONVERGENCE: RELATIVE REDUCTION OF F <= FACTR*EPSMCH,429,471,471,1.8456074881813145e-16,True,499,545,545,1.9824382873382784e-10,2.79056629
1,upper_boundary,65,2026074265,274,3.7719076003665071e-08,True,0,CONVERGENCE: RELATIVE REDUCTION OF F <= FACTR*EPSMCH,79,82,82,True,5.3783861470011951e-15,True,0,CONVERGENCE: RELATIVE REDUCTION OF F <= FACTR*EPSMCH,2161,2283,2283,5.3783861470011951e-15,True,2240,2365,2365,1.3331488678739666e-10,12.4196285
1,upper_boundary,66,2026074266,274,2.2203476590006791e-07,True,0,CONVERGENCE: RELATIVE REDUCTION OF F <= FACTR*EPSMCH,114,119,119,True,4.6688075945610532e-16,True,0,CONVERGENCE: RELATIVE REDUCTION OF F <= FACTR*EPSMCH,1935,2059,2059,4.6688075945610532e-16,True,2049,2178,2178,2.0687104170729546e-11,12.0270793
1,upper_boundary,71,2026074271,274,0.19800787649704632,True,0,CONVERGENCE: RELATIVE REDUCTION OF F <= FACTR*EPSMCH,225,234,234,False,,,,,0,0,0,0.19800787649704632,False,225,234,234,9.8027339376842264e-06,1.28650892
1,upper_boundary,64,2026074264,274,1.9067578177973484e-07,True,0,CONVERGENCE: RELATIVE REDUCTION OF F <= FACTR*EPSMCH,128,140,140,True,2.5298892162570387e-16,True,0,CONVERGENCE: RELATIVE REDUCTION OF F <= FACTR*EPSMCH,3622,4074,4074,2.5298892162570387e-16,True,3750,4214,4214,8.093534232540473e-11,21.7853158
1,upper_boundary,73,2026074273,274,0.19800769315649824,True,0,CONVERGENCE: RELATIVE REDUCTION OF F <= FACTR*EPSMCH,161,167,167,False,,,,,0,0,0,0.19800769315649824,False,161,167,167,7.5241171940810744e-05,0.788858833
1,upper_boundary,72,2026074272,274,3.7029872432414356e-08,True,0,CONVERGENCE: RELATIVE REDUCTION OF F <= FACTR*EPSMCH,95,101,101,True,9.9583109363127301e-17,True,0,CONVERGENCE: RELATIVE REDUCTION OF F <= FACTR*EPSMCH,1142,1232,1232,9.9583109363127301e-17,True,1237,1333,1333,4.1292398785031096e-11,7.33142379
1,upper_boundary,69,2026074269,274,8.7113643040834868e-07,True,0,CONVERGENCE: RELATIVE REDUCTION OF F <= FACTR*EPSMCH,144,156,156,True,7.8334206547355734e-17,True,0,CONVERGENCE: RELATIVE REDUCTION OF F <= FACTR*EPSMCH,2022,2267,2267,7.8334206547355734e-17,True,2166,2423,2423,8.297472694621547e-11,12.2823895
1,upper_boundary,75,2026074275,274,0.19800772499795702,True,0,CONVERGENCE: RELATIVE REDUCTION OF F <= FACTR*EPSMCH,204,215,215,False,,,,,0,0,0,0.19800772499795702,False,204,215,215,1.9117263368728654e-05,1.19894558
1,upper_boundary,74,2026074274,274,5.94299461028691e-08,True,0,CONVERGENCE: RELATIVE REDUCTION OF F <= FACTR*EPSMCH,84,89,89,True,6.4986342469919476e-16,True,0,CONVERGENCE: RELATIVE REDUCTION OF F <= FACTR*EPSMCH,1520,1620,1620,6.4986342469919476e-16,True,1604,1709,1709,3.3456042348680064e-11,9.12175383
1,upper_boundary,76,2026074276,274,1.8550563271524979e-08,True,0,CONVERGENCE: RELATIVE REDUCTION OF F <= FACTR*EPSMCH,58,61,61,True,1.0156685977998827e-16,True,0,CONVERGENCE: RELATIVE REDUCTION OF F <= FACTR*EPSMCH,1115,1158,1158,1.0156685977998827e-16,True,1173,1219,1219,3.8417181044212962e-12,7.54191842
1,upper_boundary,77,2026074277,274,2.4513831747628714e-08,True,0,CONVERGENCE: RELATIVE REDUCTION OF F <= FACTR*EPSMCH,73,77,77,True,5.9106499752864972e-16,True,0,CONVERGENCE: RELATIVE REDUCTION OF F <= FACTR*EPSMCH,2686,2773,2773,5.9106499752864972e-16,True,2759,2850,2850,2.0936139022233834e-11,17.2423084
1,upper_boundary,70,2026074270,274,3.5662432658182942e-07,True,0,CONVERGENCE: RELATIVE REDUCTION OF F <= FACTR*EPSMCH,141,153,153,True,2.5902850724275816e-15,True,0,CONVERGENCE: RELATIVE REDUCTION OF F <= FACTR*EPSMCH,4588,5181,5181,2.5902850724275816e-15,True,4729,5334,5334,1.1329810748673751e-10,30.8653317
1,upper_boundary,78,2026074278,274,1.0914453568029771e-06,True,0,CONVERGENCE: RELATIVE REDUCTION OF F <= FACTR*EPSMCH,171,190,190,True,2.9859274625008233e-17,True,0,CONVERGENCE: RELATIVE REDUCTION OF F <= FACTR*EPSMCH,2311,2627,2627,2.9859274625008233e-17,True,2482,2817,2817,3.7488715078050494e-11,15.4097275
1,upper_boundary,79,2026074279,274,1.2044997965886971e-07,True,0,CONVERGENCE: RELATIVE REDUCTION OF F <= FACTR*EPSMCH,101,103,103,True,3.9651882211954418e-15,True,0,CONVERGENCE: RELATIVE REDUCTION OF F <= FACTR*EPSMCH,2213,2277,2277,3.9651882211954418e-15,True,2314,2380,2380,8.7677708626074701e-12,13.7762295
1,upper_boundary,81,2026074281,274,1.2880976295573315e-07,True,0,CONVERGENCE: RELATIVE REDUCTION OF F <= FACTR*EPSMCH,85,91,91,True,8.7999589100336032e-16,True,0,CONVERGENCE: RELATIVE REDUCTION OF F <= FACTR*EPSMCH,1465,1642,1642,8.7999589100336032e-16,True,1550,1733,1733,3.3496580249172447e-11,11.5049559
1,upper_boundary,80,2026074280,274,1.0531991516572148e-07,True,0,CONVERGENCE: RELATIVE REDUCTION OF F <= FACTR*EPSMCH,149,152,152,True,1.8849148685139407e-15,True,0,CONVERGENCE: RELATIVE REDUCTION OF F <= FACTR*EPSMCH,1738,1803,1803,1.8849148685139407e-15,True,1887,1955,1955,7.5956734925978758e-12,13.0983049
1,upper_boundary,85,2026074285,274,0.16970791842631033,True,0,CONVERGENCE: RELATIVE REDUCTION OF F <= FACTR*EPSMCH,80,85,85,False,,,,,0,0,0,0.16970791842631033,False,80,85,85,2.0172390050289535e-05,0.401390166
1,upper_boundary,86,2026074286,274,0.19800767884581444,True,0,CONVERGENCE: RELATIVE REDUCTION OF F <= FACTR*EPSMCH,213,221,221,False,,,,,0,0,0,0.19800767884581444,False,213,221,221,5.2911197845989045e-05,1.56647779
1,upper_boundary,87,2026074287,274,9.3813048697580531e-08,True,0,CONVERGENCE: RELATIVE REDUCTION OF F <= FACTR*EPSMCH,65,68,68,True,9.9614349887677292e-16,True,0,CONVERGENCE: RELATIVE REDUCTION OF F <= FACTR*EPSMCH,485,537,537,9.9614349887677292e-16,True,550,605,605,2.0074342896485986e-11,4.01784346
1,upper_boundary,88,2026074288,274,0.074015949417935586,True,0,CONVERGENCE: RELATIVE REDUCTION OF F <= FACTR*EPSMCH,73,79,79,False,,,,,0,0,0,0.074015949417935586,False,73,79,79,2.7256128384992553e-05,0.429406709
1,upper_boundary,84,2026074284,274,1.1221685391965256e-07,True,0,CONVERGENCE: RELATIVE REDUCTION OF F <= FACTR*EPSMCH,146,158,158,True,4.8455975557566566e-15,True,0,CONVERGENCE: RELATIVE REDUCTION OF F <= FACTR*EPSMCH,1352,1548,1548,4.8455975557566566e-15,True,1498,1706,1706,6.9801492229262389e-11,10.8380678
1,upper_boundary,90,2026074290,274,0.15673865270400059,True,0,CONVERGENCE: RELATIVE REDUCTION OF F <= FACTR*EPSMCH,96,101,101,False,,,,,0,0,0,0.15673865270400059,False,96,101,101,2.8238344116568448e-05,0.527017583
1,upper_boundary,89,2026074289,274,8.2356610652901932e-08,True,0,CONVERGENCE: RELATIVE REDUCTION OF F <= FACTR*EPSMCH,86,93,93,True,2.7672274756425383e-17,True,0,CONVERGENCE: RELATIVE REDUCTION OF F <= FACTR*EPSMCH,565,637,637,2.7672274756425383e-17,True,651,730,730,8.0758846127800103e-12,4.90113704
1,upper_boundary,92,2026074292,274,0.23351870451370599,True,0,CONVERGENCE: RELATIVE REDUCTION OF F <= FACTR*EPSMCH,151,158,158,False,,,,,0,0,0,0.23351870451370599,False,151,158,158,0.0001255085855456381,1.21556754
1,upper_boundary,93,2026074293,274,0.2020894302364058,True,0,CONVERGENCE: RELATIVE REDUCTION OF F <= FACTR*EPSMCH,211,220,220,False,,,,,0,0,0,0.2020894302364058,False,211,220,220,2.5460726288750546e-05,1.72798479
1,upper_boundary,94,2026074294,274,0.074015975599803011,True,0,CONVERGENCE: RELATIVE REDUCTION OF F <= FACTR*EPSMCH,72,76,76,False,,,,,0,0,0,0.074015975599803011,False,72,76,76,1.5591431837736868e-05,0.61705175
1,upper_boundary,82,2026074282,274,4.8195904211964465e-07,True,0,CONVERGENCE: RELATIVE REDUCTION OF F <= FACTR*EPSMCH,98,99,99,True,3.3742176017267706e-15,True,0,CONVERGENCE: RELATIVE REDUCTION OF F <= FACTR*EPSMCH,4177,4287,4287,3.3742176017267706e-15,True,4275,4386,4386,2.2687045560143571e-11,29.236349
1,upper_boundary,96,2026074296,274,8.7995739132630108e-08,True,0,CONVERGENCE: RELATIVE REDUCTION OF F <= FACTR*EPSMCH,77,83,83,True,2.5759717816268024e-16,True,0,CONVERGENCE: RELATIVE REDUCTION OF F <= FACTR*EPSMCH,438,483,483,2.5759717816268024e-16,True,515,566,566,2.7526527558585044e-11,3.06668017
1,upper_boundary,83,2026074283,274,9.8399125873357682e-08,True,0,CONVERGENCE: RELATIVE REDUCTION OF F <= FACTR*EPSMCH,89,92,92,True,7.3097134351491558e-15,True,0,CONVERGENCE: RELATIVE REDUCTION OF F <= FACTR*EPSMCH,4560,4720,4720,7.3097134351491558e-15,True,4649,4812,4812,1.3057620783233851e-11,31.2082568
1,upper_boundary,98,2026074298,274,0.19800765218137192,True,0,CONVERGENCE: RELATIVE REDUCTION OF F <= FACTR*EPSMCH,198,207,207,False,,,,,0,0,0,0.19800765218137192,False,198,207,207,5.0702127455698465e-05,0.954457709
1,upper_boundary,97,2026074297,274,1.0107766142511578e-07,True,0,CONVERGENCE: RELATIVE REDUCTION OF F <= FACTR*EPSMCH,88,91,91,True,1.755918347028144e-16,True,0,CONVERGENCE: RELATIVE REDUCTION OF F <= FACTR*EPSMCH,766,794,794,1.755918347028144e-16,True,854,885,885,4.0824134528454974e-12,5.64666692
1,upper_boundary,91,2026074291,274,6.2032433720411876e-08,True,0,CONVERGENCE: RELATIVE REDUCTION OF F <= FACTR*EPSMCH,110,115,115,True,2.8933872563925832e-15,True,0,CONVERGENCE: RELATIVE REDUCTION OF F <= FACTR*EPSMCH,3028,3117,3117,2.8933872563925832e-15,True,3138,3232,3232,9.7150276142632872e-12,21.3199816
1,upper_boundary,95,2026074295,274,1.8398933391559752e-06,True,0,CONVERGENCE: RELATIVE REDUCTION OF F <= FACTR*EPSMCH,112,123,123,True,1.4331016973188814e-14,True,0,CONVERGENCE: RELATIVE REDUCTION OF F <= FACTR*EPSMCH,3036,3434,3434,1.4331016973188814e-14,True,3148,3557,3557,2.1447924409080086e-11,20.9886427
1,upper_boundary,99,2026074299,274,1.9231765148719906e-06,True,0,CONVERGENCE: RELATIVE REDUCTION OF F <= FACTR*EPSMCH,112,121,121,True,1.1771013934810178e-15,True,0,CONVERGENCE: RELATIVE REDUCTION OF F <= FACTR*EPSMCH,4153,4711,4711,1.1771013934810178e-15,True,4265,4832,4832,1.0477387366190491e-10,19.6681875
